--
-- PostgreSQL database dump
--

\restrict UiEJ1LJq9QeadSqpM9FYRQx6rslfthhQAzMCqu7FswYcaZfXd7o9YB0vNK9vAG0

-- Dumped from database version 16.10
-- Dumped by pg_dump version 16.10

SET statement_timeout = 0;
SET lock_timeout = 0;
SET idle_in_transaction_session_timeout = 0;
SET client_encoding = 'UTF8';
SET standard_conforming_strings = on;
SELECT pg_catalog.set_config('search_path', '', false);
SET check_function_bodies = false;
SET xmloption = content;
SET client_min_messages = warning;
SET row_security = off;

--
-- Name: UserBadgeStatus; Type: TYPE; Schema: public; Owner: tung_user
--

CREATE TYPE public."UserBadgeStatus" AS ENUM (
    'locked',
    'in_progress',
    'collected'
);


ALTER TYPE public."UserBadgeStatus" OWNER TO tung_user;

SET default_tablespace = '';

SET default_table_access_method = heap;

--
-- Name: _prisma_migrations; Type: TABLE; Schema: public; Owner: tung_user
--

CREATE TABLE public._prisma_migrations (
    id character varying(36) NOT NULL,
    checksum character varying(64) NOT NULL,
    finished_at timestamp with time zone,
    migration_name character varying(255) NOT NULL,
    logs text,
    rolled_back_at timestamp with time zone,
    started_at timestamp with time zone DEFAULT now() NOT NULL,
    applied_steps_count integer DEFAULT 0 NOT NULL
);


ALTER TABLE public._prisma_migrations OWNER TO tung_user;

--
-- Name: activities; Type: TABLE; Schema: public; Owner: tung_user
--

CREATE TABLE public.activities (
    id text NOT NULL,
    user_id text NOT NULL,
    start_time timestamp without time zone NOT NULL,
    end_time timestamp without time zone,
    distance double precision,
    duration integer,
    average_speed double precision,
    total_coins integer DEFAULT 0 NOT NULL,
    created_at timestamp without time zone DEFAULT CURRENT_TIMESTAMP NOT NULL
);


ALTER TABLE public.activities OWNER TO tung_user;

--
-- Name: activity_collected_locations; Type: TABLE; Schema: public; Owner: tung_user
--

CREATE TABLE public.activity_collected_locations (
    id integer NOT NULL,
    activity_id text NOT NULL,
    location_id text NOT NULL,
    collected_at timestamp without time zone NOT NULL,
    coins_earned integer DEFAULT 1 NOT NULL
);


ALTER TABLE public.activity_collected_locations OWNER TO tung_user;

--
-- Name: activity_collected_locations_id_seq; Type: SEQUENCE; Schema: public; Owner: tung_user
--

CREATE SEQUENCE public.activity_collected_locations_id_seq
    AS integer
    START WITH 1
    INCREMENT BY 1
    NO MINVALUE
    NO MAXVALUE
    CACHE 1;


ALTER SEQUENCE public.activity_collected_locations_id_seq OWNER TO tung_user;

--
-- Name: activity_collected_locations_id_seq; Type: SEQUENCE OWNED BY; Schema: public; Owner: tung_user
--

ALTER SEQUENCE public.activity_collected_locations_id_seq OWNED BY public.activity_collected_locations.id;


--
-- Name: activity_track_points; Type: TABLE; Schema: public; Owner: tung_user
--

CREATE TABLE public.activity_track_points (
    id integer NOT NULL,
    activity_id text NOT NULL,
    latitude double precision NOT NULL,
    longitude double precision NOT NULL,
    "timestamp" timestamp without time zone NOT NULL,
    accuracy double precision
);


ALTER TABLE public.activity_track_points OWNER TO tung_user;

--
-- Name: activity_track_points_id_seq; Type: SEQUENCE; Schema: public; Owner: tung_user
--

CREATE SEQUENCE public.activity_track_points_id_seq
    AS integer
    START WITH 1
    INCREMENT BY 1
    NO MINVALUE
    NO MAXVALUE
    CACHE 1;


ALTER SEQUENCE public.activity_track_points_id_seq OWNER TO tung_user;

--
-- Name: activity_track_points_id_seq; Type: SEQUENCE OWNED BY; Schema: public; Owner: tung_user
--

ALTER SEQUENCE public.activity_track_points_id_seq OWNED BY public.activity_track_points.id;


--
-- Name: badge_location_requirements; Type: TABLE; Schema: public; Owner: tung_user
--

CREATE TABLE public.badge_location_requirements (
    id integer NOT NULL,
    badge_id text NOT NULL,
    location_id text NOT NULL
);


ALTER TABLE public.badge_location_requirements OWNER TO tung_user;

--
-- Name: badge_location_requirements_id_seq; Type: SEQUENCE; Schema: public; Owner: tung_user
--

CREATE SEQUENCE public.badge_location_requirements_id_seq
    AS integer
    START WITH 1
    INCREMENT BY 1
    NO MINVALUE
    NO MAXVALUE
    CACHE 1;


ALTER SEQUENCE public.badge_location_requirements_id_seq OWNER TO tung_user;

--
-- Name: badge_location_requirements_id_seq; Type: SEQUENCE OWNED BY; Schema: public; Owner: tung_user
--

ALTER SEQUENCE public.badge_location_requirements_id_seq OWNED BY public.badge_location_requirements.id;


--
-- Name: badges; Type: TABLE; Schema: public; Owner: tung_user
--

CREATE TABLE public.badges (
    id text NOT NULL,
    name text NOT NULL,
    description text,
    image_url text,
    created_at timestamp without time zone DEFAULT CURRENT_TIMESTAMP NOT NULL,
    updated_at timestamp without time zone NOT NULL,
    color text
);


ALTER TABLE public.badges OWNER TO tung_user;

--
-- Name: locations; Type: TABLE; Schema: public; Owner: tung_user
--

CREATE TABLE public.locations (
    id text NOT NULL,
    name text NOT NULL,
    description text,
    latitude double precision NOT NULL,
    longitude double precision NOT NULL,
    area text,
    nfc_id text,
    is_nfc_enabled boolean DEFAULT false NOT NULL,
    created_at timestamp without time zone DEFAULT CURRENT_TIMESTAMP NOT NULL,
    updated_at timestamp without time zone NOT NULL
);


ALTER TABLE public.locations OWNER TO tung_user;

--
-- Name: user_badges; Type: TABLE; Schema: public; Owner: tung_user
--

CREATE TABLE public.user_badges (
    id integer NOT NULL,
    user_id text NOT NULL,
    badge_id text NOT NULL,
    unlocked_at timestamp without time zone,
    status public."UserBadgeStatus" DEFAULT 'locked'::public."UserBadgeStatus" NOT NULL
);


ALTER TABLE public.user_badges OWNER TO tung_user;

--
-- Name: user_badges_id_seq; Type: SEQUENCE; Schema: public; Owner: tung_user
--

CREATE SEQUENCE public.user_badges_id_seq
    AS integer
    START WITH 1
    INCREMENT BY 1
    NO MINVALUE
    NO MAXVALUE
    CACHE 1;


ALTER SEQUENCE public.user_badges_id_seq OWNER TO tung_user;

--
-- Name: user_badges_id_seq; Type: SEQUENCE OWNED BY; Schema: public; Owner: tung_user
--

ALTER SEQUENCE public.user_badges_id_seq OWNED BY public.user_badges.id;


--
-- Name: user_location_collections; Type: TABLE; Schema: public; Owner: tung_user
--

CREATE TABLE public.user_location_collections (
    id integer NOT NULL,
    user_id text NOT NULL,
    location_id text NOT NULL,
    collected_at timestamp without time zone NOT NULL
);


ALTER TABLE public.user_location_collections OWNER TO tung_user;

--
-- Name: user_location_collections_id_seq; Type: SEQUENCE; Schema: public; Owner: tung_user
--

CREATE SEQUENCE public.user_location_collections_id_seq
    AS integer
    START WITH 1
    INCREMENT BY 1
    NO MINVALUE
    NO MAXVALUE
    CACHE 1;


ALTER SEQUENCE public.user_location_collections_id_seq OWNER TO tung_user;

--
-- Name: user_location_collections_id_seq; Type: SEQUENCE OWNED BY; Schema: public; Owner: tung_user
--

ALTER SEQUENCE public.user_location_collections_id_seq OWNED BY public.user_location_collections.id;


--
-- Name: users; Type: TABLE; Schema: public; Owner: tung_user
--

CREATE TABLE public.users (
    id text NOT NULL,
    name text NOT NULL,
    email text NOT NULL,
    avatar_url text,
    created_at timestamp without time zone DEFAULT CURRENT_TIMESTAMP NOT NULL,
    updated_at timestamp without time zone NOT NULL
);


ALTER TABLE public.users OWNER TO tung_user;

--
-- Name: activity_collected_locations id; Type: DEFAULT; Schema: public; Owner: tung_user
--

ALTER TABLE ONLY public.activity_collected_locations ALTER COLUMN id SET DEFAULT nextval('public.activity_collected_locations_id_seq'::regclass);


--
-- Name: activity_track_points id; Type: DEFAULT; Schema: public; Owner: tung_user
--

ALTER TABLE ONLY public.activity_track_points ALTER COLUMN id SET DEFAULT nextval('public.activity_track_points_id_seq'::regclass);


--
-- Name: badge_location_requirements id; Type: DEFAULT; Schema: public; Owner: tung_user
--

ALTER TABLE ONLY public.badge_location_requirements ALTER COLUMN id SET DEFAULT nextval('public.badge_location_requirements_id_seq'::regclass);


--
-- Name: user_badges id; Type: DEFAULT; Schema: public; Owner: tung_user
--

ALTER TABLE ONLY public.user_badges ALTER COLUMN id SET DEFAULT nextval('public.user_badges_id_seq'::regclass);


--
-- Name: user_location_collections id; Type: DEFAULT; Schema: public; Owner: tung_user
--

ALTER TABLE ONLY public.user_location_collections ALTER COLUMN id SET DEFAULT nextval('public.user_location_collections_id_seq'::regclass);


--
-- Data for Name: _prisma_migrations; Type: TABLE DATA; Schema: public; Owner: tung_user
--

COPY public._prisma_migrations (id, checksum, finished_at, migration_name, logs, rolled_back_at, started_at, applied_steps_count) FROM stdin;
aa3709f1-efcc-4180-a239-ce1a83d3b02d	aafe2111e95d915791ee5e7bb5bb70e97434919a0ed3f6db636c36afda89e9f4	2025-11-09 02:14:21.297233+00	20251109012117_init		\N	2025-11-09 02:14:21.297233+00	0
b009e935-efa2-4f87-b976-4bd6fc75b1dd	19ff3100cb7ee52e25ac7bf5ab37d7a69fd74f016e0c1e3467323212c8a66497	2025-11-09 02:15:38.867366+00	20251109100341_add_color_to_badge	\N	\N	2025-11-09 02:15:38.849133+00	1
\.


--
-- Data for Name: activities; Type: TABLE DATA; Schema: public; Owner: tung_user
--

COPY public.activities (id, user_id, start_time, end_time, distance, duration, average_speed, total_coins, created_at) FROM stdin;
388f3957-36b4-42b3-8f3c-127ed4f22425	7f3562f4-bb3f-4ec7-89b9-da3b4b5ff250	2025-10-15 03:28:19.273	2025-10-15 04:29:57.273	15.49182269324104	3698	15.08127682413946	3	2025-11-08 20:39:25.641
8ee84db6-9fba-4c5e-9fb5-6b3a21825885	7f3562f4-bb3f-4ec7-89b9-da3b4b5ff250	2025-10-25 03:49:55.398	2025-10-25 04:42:25.398	9.469353374640539	3150	10.82211814244633	3	2025-11-08 20:39:25.646
8b325fe7-8db2-4522-8836-804f072db934	7f3562f4-bb3f-4ec7-89b9-da3b4b5ff250	2025-10-26 09:10:42.616	2025-10-26 09:47:25.616	5.135347784502228	2203	8.391852938814354	2	2025-11-08 20:39:25.649
70822a62-cc41-4fee-8b10-835ecfa09955	7f3562f4-bb3f-4ec7-89b9-da3b4b5ff250	2025-11-07 04:22:43.414	2025-11-07 05:30:45.414	18.45487655731214	4082	16.27573630728165	3	2025-11-08 20:39:25.654
123d94da-4947-4668-81d5-b9523ca8f154	811745c0-2484-4707-8cf4-a777119dc5c4	2025-11-03 09:14:25.627	2025-11-03 10:27:47.627	23.22788360386622	4402	18.9959974952109	15	2025-11-08 20:39:25.66
e2d18493-dac0-4e44-89f1-60d7c16e24a6	811745c0-2484-4707-8cf4-a777119dc5c4	2025-10-17 08:25:15.19	2025-10-17 09:16:33.19	9.91830059407432	3078	11.60035157201675	6	2025-11-08 20:39:25.664
126dbd87-f2a1-422d-86ba-88e1a6128a38	811745c0-2484-4707-8cf4-a777119dc5c4	2025-11-08 13:30:10.831	2025-11-08 14:01:58.831	22.85532991590388	1908	43.12326399227147	6	2025-11-08 20:39:25.668
598f8028-4d1f-432b-8a6d-1945323920a3	811745c0-2484-4707-8cf4-a777119dc5c4	2025-10-14 18:34:42.154	2025-10-14 19:33:43.154	35.15361808471661	3541	35.7393462595255	15	2025-11-08 20:39:25.674
f6fb31c5-1ff6-45c0-9ab9-64463c08ab5f	811745c0-2484-4707-8cf4-a777119dc5c4	2025-10-12 04:02:48.816	2025-10-12 05:19:47.816	57.67082016687757	4619	44.94803043965344	15	2025-11-08 20:39:25.679
4d11f4ab-6db2-44d1-a4c2-88a4eda2671b	9cfcc363-7d3c-4bca-b730-ab81d5dfa957	2025-10-11 04:53:30.481	2025-10-11 05:57:58.481	15.35389716716468	3868	14.29008009353486	2	2025-11-08 20:39:25.685
4ab33f6f-0168-405a-ae25-f545c74c483a	9cfcc363-7d3c-4bca-b730-ab81d5dfa957	2025-10-11 21:58:52.448	2025-10-11 22:54:25.448	17.08483901268944	3333	18.45347148085268	10	2025-11-08 20:39:25.69
9441978a-86e4-4e16-8f71-972a8db89aaa	9cfcc363-7d3c-4bca-b730-ab81d5dfa957	2025-10-30 07:47:13.764	2025-10-30 08:24:26.764	54.52748843318871	2233	87.90817660523034	9	2025-11-08 20:39:25.695
538e8519-a1f2-4347-8cd6-2c06b1da0d96	9cfcc363-7d3c-4bca-b730-ab81d5dfa957	2025-10-16 06:55:13.346	2025-10-16 08:19:03.346	42.01766485734975	5030	30.07228498736762	8	2025-11-08 20:39:25.699
95c579cd-66bb-41fa-b4e8-31fd419616a2	92757bb5-e72f-43be-8953-9ac05ce12649	2025-10-11 08:25:20.481	2025-10-11 09:04:18.481	56.12562987473468	2338	86.42098697563937	5	2025-11-08 20:39:25.704
94e43d7e-8ae4-416c-998f-07e9f016403e	92757bb5-e72f-43be-8953-9ac05ce12649	2025-10-28 13:32:55.115	2025-10-28 14:10:05.115	46.99692305897526	2230	75.86947220283002	9	2025-11-08 20:39:25.709
110c384e-2033-46b1-8743-18f7f63d48a8	92757bb5-e72f-43be-8953-9ac05ce12649	2025-10-15 10:44:41.108	2025-10-15 11:28:44.108	28.96167797813102	2643	39.44836955023522	15	2025-11-08 20:39:25.713
0e4bce25-3812-48b7-bcd4-5ccc9f83d1d7	92757bb5-e72f-43be-8953-9ac05ce12649	2025-10-13 02:59:59.988	2025-10-13 04:22:54.988	13.13836642167013	4975	9.507159621711052	3	2025-11-08 20:39:25.717
565e4930-95fe-4243-99b5-893b8e1be7d3	70fecce7-8c1f-4046-a50f-4e36b5e174b2	2025-10-15 00:17:20.047	2025-10-15 00:53:09.047	42.28653758979739	2149	70.83831331934415	4	2025-11-08 20:39:25.722
52ff33f3-c0e0-4abf-9654-cd4fe612cd1e	70fecce7-8c1f-4046-a50f-4e36b5e174b2	2025-10-26 07:46:37.563	2025-10-26 09:06:14.563	6.616374370591918	4777	4.986172856213293	2	2025-11-08 20:39:25.726
66df181c-9c80-40a7-9e4e-e0f6df2696ea	70fecce7-8c1f-4046-a50f-4e36b5e174b2	2025-11-02 12:04:18.748	2025-11-02 13:11:45.748	37.937462655978	4047	33.74718694379066	15	2025-11-08 20:39:25.729
1e0d4e96-f76f-4be4-ac9b-b4033d846a94	70fecce7-8c1f-4046-a50f-4e36b5e174b2	2025-10-17 22:03:43.568	2025-10-17 22:41:08.568	38.78873873508088	2245	62.20020465313637	15	2025-11-08 20:39:25.733
df4e2224-1dff-41f9-aab1-5b3542b811db	6bfc3081-51b3-4891-8973-3970b4d7a522	2025-10-12 04:53:53.977	2025-10-12 05:31:22.977	7.445904024786393	2249	11.91874365906226	6	2025-11-08 20:39:25.738
50be16e6-6619-4a61-a1dd-c5254ffd50dd	6bfc3081-51b3-4891-8973-3970b4d7a522	2025-10-27 19:33:51.433	2025-10-27 20:30:06.433	55.55380530826443	3375	59.25739232881539	5	2025-11-08 20:39:25.743
2b07f075-cf79-454f-849d-dd87d29205ef	6bfc3081-51b3-4891-8973-3970b4d7a522	2025-11-08 13:31:00.192	2025-11-08 14:51:50.192	30.64366215772234	4850	22.74581108614441	15	2025-11-08 20:39:25.747
0f83dc29-d8a5-4adf-ab6b-fc5d4934f774	6bfc3081-51b3-4891-8973-3970b4d7a522	2025-10-11 05:54:02.326	2025-10-11 06:28:53.326	58.96912663389722	2091	101.5250386810282	3	2025-11-08 20:39:25.751
a64cf2a6-7feb-4f5d-83a8-58a3355705eb	6bfc3081-51b3-4891-8973-3970b4d7a522	2025-10-28 18:24:48.686	2025-10-28 19:29:18.686	22.20585670676519	3870	20.65661089001413	2	2025-11-08 20:39:25.755
3e0c00c1-529a-46da-85df-d010284e17b6	19180031-0bd7-4203-ba3c-8d98a3226e32	2025-10-20 21:52:54.503	2025-10-20 22:23:30.503	7.192172080810839	1836	14.10229819766831	4	2025-11-08 20:39:25.76
203457b1-7d30-4c07-a6fe-a50952607556	19180031-0bd7-4203-ba3c-8d98a3226e32	2025-10-10 21:59:36.183	2025-10-10 22:57:27.183	30.18492742133475	3471	31.30675272739991	12	2025-11-08 20:39:25.764
97de4394-84c4-4fb9-8dd3-6a7dc95ed1c6	19180031-0bd7-4203-ba3c-8d98a3226e32	2025-10-29 06:44:51.683	2025-10-29 07:34:31.683	21.96184202555415	2980	26.5310843261728	6	2025-11-08 20:39:25.768
c8f1e8cf-2e5e-4490-b873-5172d8032852	77b74166-0c51-4878-9f39-7403a16164d4	2025-11-05 15:17:33.112	2025-11-05 16:10:07.112	23.54011115539629	3154	26.86886498396532	15	2025-11-08 20:39:25.774
091130e2-65f3-48f7-86b6-5d4fd211a06e	77b74166-0c51-4878-9f39-7403a16164d4	2025-10-25 20:54:20.272	2025-10-25 22:24:15.272	59.47820799899795	5395	39.688887636032	4	2025-11-08 20:39:25.778
7edf0c70-98c7-412b-9661-3fac6ae1de68	77b74166-0c51-4878-9f39-7403a16164d4	2025-11-02 11:28:05.537	2025-11-02 12:35:38.537	7.054402250503434	4053	6.265938342416078	2	2025-11-08 20:39:25.782
18e2059b-5058-452e-9574-86e3ec0177f9	77b74166-0c51-4878-9f39-7403a16164d4	2025-11-08 12:49:30.931	2025-11-08 13:33:32.931	18.80970488863613	2642	25.6301807717979	3	2025-11-08 20:39:25.786
95587a0f-bdb4-446e-85a2-81596bfe0d4c	f187292c-1eca-4ea3-bcac-56b7a9c0e77d	2025-10-14 07:47:57.447	2025-10-14 08:25:58.447	9.651231490987875	2281	15.23210581655254	2	2025-11-08 20:39:25.791
8725d767-d006-4169-a324-89cf9a6d4b50	f187292c-1eca-4ea3-bcac-56b7a9c0e77d	2025-10-21 00:23:16.482	2025-10-21 01:30:53.482	47.86020704721309	4057	42.46900304904292	15	2025-11-08 20:39:25.795
188f24e7-1326-4f31-9846-3b5857f86abb	f187292c-1eca-4ea3-bcac-56b7a9c0e77d	2025-10-21 18:53:14.894	2025-10-21 19:44:08.894	16.53300058750038	3054	19.48880226424406	9	2025-11-08 20:39:25.799
7a243141-fef4-4b8f-bc6c-2246b6cb35ae	f187292c-1eca-4ea3-bcac-56b7a9c0e77d	2025-10-27 07:02:31.175	2025-10-27 08:27:04.175	14.29489727541924	5073	10.14422042016741	6	2025-11-08 20:39:25.803
c80d762c-174c-4739-845a-64b37abe82e6	f187292c-1eca-4ea3-bcac-56b7a9c0e77d	2025-10-21 18:01:32.131	2025-10-21 19:29:38.131	31.74297530733158	5286	21.6183713784324	5	2025-11-08 20:39:25.808
b9b3b935-5fba-4c35-914a-9fbf2542a642	7f3562f4-bb3f-4ec7-89b9-da3b4b5ff250	2025-11-08 21:16:40.375	\N	\N	\N	\N	0	2025-11-08 21:16:38.803
37d979c0-09fd-4209-8b07-200b6a824b67	7f3562f4-bb3f-4ec7-89b9-da3b4b5ff250	2025-11-08 21:17:35.434	\N	\N	\N	\N	0	2025-11-08 21:17:33.916
7f81476e-df1b-4bc0-a1b8-09b210c4c663	7f3562f4-bb3f-4ec7-89b9-da3b4b5ff250	2025-11-08 21:20:50.215	\N	\N	\N	\N	0	2025-11-08 21:20:48.592
c727db3c-dc01-4a1d-be88-a5a2be8c1f72	7f3562f4-bb3f-4ec7-89b9-da3b4b5ff250	2025-11-08 21:47:12.554	2025-11-08 21:53:22.211	0.05015574972913802	369	0.4893243876013465	1	2025-11-08 21:47:10.995
bb014121-c78f-420a-972c-20b1783de535	7f3562f4-bb3f-4ec7-89b9-da3b4b5ff250	2025-11-08 21:53:29.096	2025-11-08 21:54:11.637	0	42	0	1	2025-11-08 21:53:27.607
ee9ec4f4-0790-423f-ba79-0af8488894d0	7f3562f4-bb3f-4ec7-89b9-da3b4b5ff250	2025-11-08 21:54:26.795	2025-11-08 21:54:58.952	0	32	0	1	2025-11-08 21:54:25.241
5c094eba-4688-4e18-b28a-112e20f85da6	7f3562f4-bb3f-4ec7-89b9-da3b4b5ff250	2025-11-08 21:56:32.444	2025-11-08 21:56:38.156	0	5	0	1	2025-11-08 21:56:30.998
b25ea133-398e-4306-b054-808609e6ef22	7f3562f4-bb3f-4ec7-89b9-da3b4b5ff250	2025-11-08 22:32:39.557	2025-11-08 22:33:07.548	0.0145480330001833	27	1.939737733357773	0	2025-11-08 22:32:38.058
4a75f4ce-e384-4253-86e2-a8eadcc7ef5f	7f3562f4-bb3f-4ec7-89b9-da3b4b5ff250	2025-11-08 22:35:36.436	2025-11-08 22:35:47.837	0	11	0	0	2025-11-08 22:35:34.898
afcd2ab9-2332-4bc1-9d46-f3ccdffb81e4	7f3562f4-bb3f-4ec7-89b9-da3b4b5ff250	2025-11-08 23:48:20.557	2025-11-08 23:48:25.806	0	5	0	0	2025-11-08 23:48:20.719
69389a36-5e87-468c-b771-adc2f958c36d	7f3562f4-bb3f-4ec7-89b9-da3b4b5ff250	2025-11-08 23:48:26.073	\N	\N	\N	\N	0	2025-11-08 23:48:26.066
e160e489-3d29-4158-8416-6d4f31ac413d	7f3562f4-bb3f-4ec7-89b9-da3b4b5ff250	2025-11-09 02:22:17.392	2025-11-09 02:22:25.316	0	7	0	0	2025-11-09 02:22:17.276
a1320886-6282-4504-bbb9-da92238103ad	7f3562f4-bb3f-4ec7-89b9-da3b4b5ff250	2025-11-08 23:52:19.988	2025-11-08 23:53:04.209	0	44	0	0	2025-11-08 23:52:20.136
92b0ebbd-c5c3-4018-8de7-03683fea631a	7f3562f4-bb3f-4ec7-89b9-da3b4b5ff250	2025-11-09 00:41:31.289	\N	\N	\N	\N	0	2025-11-09 00:41:31.272
356f8048-1d9f-4205-9daf-59538584a920	7f3562f4-bb3f-4ec7-89b9-da3b4b5ff250	2025-11-09 00:48:32.746	2025-11-09 00:48:39.227	0	6	0	0	2025-11-09 00:48:32.709
ba957fcf-95ac-4130-b204-9552197955b1	7f3562f4-bb3f-4ec7-89b9-da3b4b5ff250	2025-11-09 00:48:43.528	2025-11-09 00:48:50.678	0	7	0	0	2025-11-09 00:48:43.507
c4560aaa-7c40-411a-8034-053e9ed00716	7f3562f4-bb3f-4ec7-89b9-da3b4b5ff250	2025-11-09 00:48:50.966	\N	\N	\N	\N	0	2025-11-09 00:48:51.11
d99459b0-6eb2-44fd-ac5d-2054146d91e2	7f3562f4-bb3f-4ec7-89b9-da3b4b5ff250	2025-11-09 02:35:09.898	2025-11-09 02:35:20.723	0	10	0	0	2025-11-09 02:35:09.746
85242ce5-cdef-40a7-8827-996ca048d595	7f3562f4-bb3f-4ec7-89b9-da3b4b5ff250	2025-11-09 00:51:34.649	2025-11-09 00:52:11.601	0.005469639120670565	36	0.5469639120670565	0	2025-11-09 00:51:34.624
937cc9f1-7214-4b69-b621-8921f29af332	7f3562f4-bb3f-4ec7-89b9-da3b4b5ff250	2025-11-09 00:58:05.463	2025-11-09 00:58:16.026	0.004785374346693593	10	1.722734764809694	0	2025-11-09 00:58:05.738
aaeac1ee-3fa7-4540-b4ac-c4ad7a781ba4	7f3562f4-bb3f-4ec7-89b9-da3b4b5ff250	2025-11-09 03:16:33.899	2025-11-09 03:17:28.263	0	54	0	0	2025-11-09 03:16:33.735
cd18f602-03c7-409d-8a95-23d260d4d046	7f3562f4-bb3f-4ec7-89b9-da3b4b5ff250	2025-11-09 02:48:08.489	2025-11-09 02:48:33.558	0	25	0	0	2025-11-09 02:48:08.412
84734645-6729-488f-a0ca-cd9c777d2705	7f3562f4-bb3f-4ec7-89b9-da3b4b5ff250	2025-11-09 01:01:02.371	2025-11-09 01:01:28.451	0	26	0	0	2025-11-09 01:01:02.448
b7923d16-829a-49b4-a70e-7f66d40cbf24	7f3562f4-bb3f-4ec7-89b9-da3b4b5ff250	2025-11-09 01:14:00.366	2025-11-09 01:14:23.246	0.005387323247954973	22	0.8815619860289956	0	2025-11-09 01:14:00.472
36713e71-bec4-4236-a287-52f9da7f2599	7f3562f4-bb3f-4ec7-89b9-da3b4b5ff250	2025-11-09 01:20:20.463	\N	\N	\N	\N	0	2025-11-09 01:20:20.588
1bc6e6c9-b94f-473e-9384-b9a4f56c6412	7f3562f4-bb3f-4ec7-89b9-da3b4b5ff250	2025-11-09 02:56:28.277	2025-11-09 02:57:00.085	0.01089306823050024	31	1.265001471929061	0	2025-11-09 02:56:28.145
45681f2c-8b96-42ce-bd75-88bad4bc906f	7f3562f4-bb3f-4ec7-89b9-da3b4b5ff250	2025-11-09 01:56:28.977	2025-11-09 01:56:50.923	0.0001523047881606435	21	0.02610939225611032	0	2025-11-09 01:56:29.131
fbe7bcc7-b4f0-49bd-8ec4-b487a9e7af00	7f3562f4-bb3f-4ec7-89b9-da3b4b5ff250	2025-11-09 03:19:10.688	2025-11-09 03:19:50.695	0.0003401002127260094	40	0.03060901914534085	0	2025-11-09 03:19:10.999
7c1a3b89-1877-4b3e-afb3-c38483487483	7f3562f4-bb3f-4ec7-89b9-da3b4b5ff250	2025-11-09 02:21:12.145	2025-11-09 02:21:23.188	0.005917924950263704	11	1.936775438268121	0	2025-11-09 02:21:12.215
ce3dbccb-e672-452f-900d-1e3e23f8b4d2	7f3562f4-bb3f-4ec7-89b9-da3b4b5ff250	2025-11-09 02:59:49.501	2025-11-09 03:00:04.488	0.007375544478468323	14	1.896568580177569	0	2025-11-09 02:59:49.33
a5e096c7-64c6-47ff-bbef-b98d3370db70	7f3562f4-bb3f-4ec7-89b9-da3b4b5ff250	2025-11-09 03:03:59.568	2025-11-09 03:05:17.871	0.01759494479948772	78	0.8120743753609717	0	2025-11-09 03:03:59.537
954f78f2-808e-4d46-8162-db72ef509271	7f3562f4-bb3f-4ec7-89b9-da3b4b5ff250	2025-11-09 03:10:33.241	2025-11-09 03:10:42.334	0	9	0	0	2025-11-09 03:10:33.17
6de60a60-694e-40f3-9289-e59fc8878a91	7f3562f4-bb3f-4ec7-89b9-da3b4b5ff250	2025-11-09 03:12:22.641	2025-11-09 03:12:37.356	0	14	0	0	2025-11-09 03:12:22.708
b2d2a8d3-8295-437e-9251-2217a96584ba	7f3562f4-bb3f-4ec7-89b9-da3b4b5ff250	2025-11-09 03:12:43.959	2025-11-09 03:12:46.675	0	2	0	0	2025-11-09 03:12:43.785
6d36b346-5203-45ad-9826-d8ac1e29cf3c	7f3562f4-bb3f-4ec7-89b9-da3b4b5ff250	2025-11-09 03:12:58.939	\N	\N	\N	\N	0	2025-11-09 03:12:58.765
63b7874e-bfb3-4256-8e67-a72e51f23bc8	7f3562f4-bb3f-4ec7-89b9-da3b4b5ff250	2025-11-09 03:13:38.409	2025-11-09 03:13:40.102	0	1	0	0	2025-11-09 03:13:38.426
da3ca58f-45d1-46eb-95a9-90371f563d59	7f3562f4-bb3f-4ec7-89b9-da3b4b5ff250	2025-11-09 03:13:52.178	2025-11-09 03:14:07.364	0	15	0	0	2025-11-09 03:13:52.169
74822b33-bdef-4761-a186-921331ef817e	7f3562f4-bb3f-4ec7-89b9-da3b4b5ff250	2025-11-09 03:21:52.892	2025-11-09 03:22:29.822	0.001577874337805231	36	0.1577874337805231	0	2025-11-09 03:21:52.937
68e0c234-36de-4774-90ee-ff5126976a32	7f3562f4-bb3f-4ec7-89b9-da3b4b5ff250	2025-11-09 03:27:21.802	2025-11-09 03:27:54.009	0.005295206803392316	32	0.5957107653816356	0	2025-11-09 03:27:21.631
050057c7-6b3b-4152-aa13-6878c1e9df07	7f3562f4-bb3f-4ec7-89b9-da3b4b5ff250	2025-11-09 04:03:14.221	2025-11-09 04:03:51.697	0	37	0	0	2025-11-09 04:03:14.072
\.


--
-- Data for Name: activity_collected_locations; Type: TABLE DATA; Schema: public; Owner: tung_user
--

COPY public.activity_collected_locations (id, activity_id, location_id, collected_at, coins_earned) FROM stdin;
258	c727db3c-dc01-4a1d-be88-a5a2be8c1f72	c73d39f7-57ce-45c9-9994-ebf7a0ee1b22	2025-11-08 21:47:19.455	1
263	ee9ec4f4-0790-423f-ba79-0af8488894d0	92348fcf-4f12-498a-b3d7-979311030bcf	2025-11-08 21:54:25.999	1
264	5c094eba-4688-4e18-b28a-112e20f85da6	92348fcf-4f12-498a-b3d7-979311030bcf	2025-11-08 21:56:31.999	1
267	b25ea133-398e-4306-b054-808609e6ef22	872002cb-9bc3-4d1d-ad02-19d935206349	2025-11-08 22:32:59.552	1
270	a1320886-6282-4504-bbb9-da92238103ad	29ba4a96-9deb-4ea5-b14b-cd94363910b7	2025-11-08 23:52:42.71	1
272	85242ce5-cdef-40a7-8827-996ca048d595	92348fcf-4f12-498a-b3d7-979311030bcf	2025-11-09 00:51:43.646	1
274	85242ce5-cdef-40a7-8827-996ca048d595	872002cb-9bc3-4d1d-ad02-19d935206349	2025-11-09 00:52:04.061	1
276	84734645-6729-488f-a0ca-cd9c777d2705	92348fcf-4f12-498a-b3d7-979311030bcf	2025-11-09 01:01:05.954	1
278	84734645-6729-488f-a0ca-cd9c777d2705	872002cb-9bc3-4d1d-ad02-19d935206349	2025-11-09 01:01:23.976	1
280	b7923d16-829a-49b4-a70e-7f66d40cbf24	29ba4a96-9deb-4ea5-b14b-cd94363910b7	2025-11-09 01:14:11.06	1
282	45681f2c-8b96-42ce-bd75-88bad4bc906f	92348fcf-4f12-498a-b3d7-979311030bcf	2025-11-09 01:56:31.454	1
284	45681f2c-8b96-42ce-bd75-88bad4bc906f	872002cb-9bc3-4d1d-ad02-19d935206349	2025-11-09 01:56:46.664	1
287	cd18f602-03c7-409d-8a95-23d260d4d046	29ba4a96-9deb-4ea5-b14b-cd94363910b7	2025-11-09 02:48:23.603	1
289	1bc6e6c9-b94f-473e-9384-b9a4f56c6412	92348fcf-4f12-498a-b3d7-979311030bcf	2025-11-09 02:56:33.427	1
291	1bc6e6c9-b94f-473e-9384-b9a4f56c6412	872002cb-9bc3-4d1d-ad02-19d935206349	2025-11-09 02:56:53.112	1
294	a5e096c7-64c6-47ff-bbef-b98d3370db70	92348fcf-4f12-498a-b3d7-979311030bcf	2025-11-09 03:04:40.974	1
296	a5e096c7-64c6-47ff-bbef-b98d3370db70	872002cb-9bc3-4d1d-ad02-19d935206349	2025-11-09 03:05:12.247	1
298	aaeac1ee-3fa7-4540-b4ac-c4ad7a781ba4	92348fcf-4f12-498a-b3d7-979311030bcf	2025-11-09 03:16:47.851	1
299	aaeac1ee-3fa7-4540-b4ac-c4ad7a781ba4	29ba4a96-9deb-4ea5-b14b-cd94363910b7	2025-11-09 03:17:00.853	1
301	fbe7bcc7-b4f0-49bd-8ec4-b487a9e7af00	92348fcf-4f12-498a-b3d7-979311030bcf	2025-11-09 03:19:25	1
302	fbe7bcc7-b4f0-49bd-8ec4-b487a9e7af00	29ba4a96-9deb-4ea5-b14b-cd94363910b7	2025-11-09 03:19:35.721	1
304	74822b33-bdef-4761-a186-921331ef817e	92348fcf-4f12-498a-b3d7-979311030bcf	2025-11-09 03:22:08.327	1
306	74822b33-bdef-4761-a186-921331ef817e	872002cb-9bc3-4d1d-ad02-19d935206349	2025-11-09 03:22:25.151	1
308	68e0c234-36de-4774-90ee-ff5126976a32	29ba4a96-9deb-4ea5-b14b-cd94363910b7	2025-11-09 03:27:41.467	1
309	68e0c234-36de-4774-90ee-ff5126976a32	872002cb-9bc3-4d1d-ad02-19d935206349	2025-11-09 03:27:48.211	1
311	050057c7-6b3b-4152-aa13-6878c1e9df07	29ba4a96-9deb-4ea5-b14b-cd94363910b7	2025-11-09 04:03:35.416	1
259	c727db3c-dc01-4a1d-be88-a5a2be8c1f72	92348fcf-4f12-498a-b3d7-979311030bcf	2025-11-08 21:47:11.999	1
261	bb014121-c78f-420a-972c-20b1783de535	92348fcf-4f12-498a-b3d7-979311030bcf	2025-11-08 21:53:28.999	1
262	ee9ec4f4-0790-423f-ba79-0af8488894d0	c73d39f7-57ce-45c9-9994-ebf7a0ee1b22	2025-11-08 21:54:33.658	1
265	b25ea133-398e-4306-b054-808609e6ef22	92348fcf-4f12-498a-b3d7-979311030bcf	2025-11-08 22:32:43.413	1
268	4a75f4ce-e384-4253-86e2-a8eadcc7ef5f	92348fcf-4f12-498a-b3d7-979311030bcf	2025-11-08 22:35:40.475	1
271	a1320886-6282-4504-bbb9-da92238103ad	872002cb-9bc3-4d1d-ad02-19d935206349	2025-11-08 23:52:53.106	1
273	85242ce5-cdef-40a7-8827-996ca048d595	29ba4a96-9deb-4ea5-b14b-cd94363910b7	2025-11-09 00:51:55.136	1
275	937cc9f1-7214-4b69-b621-8921f29af332	92348fcf-4f12-498a-b3d7-979311030bcf	2025-11-09 00:58:10.142	1
277	84734645-6729-488f-a0ca-cd9c777d2705	29ba4a96-9deb-4ea5-b14b-cd94363910b7	2025-11-09 01:01:14.557	1
279	b7923d16-829a-49b4-a70e-7f66d40cbf24	92348fcf-4f12-498a-b3d7-979311030bcf	2025-11-09 01:14:03.906	1
281	b7923d16-829a-49b4-a70e-7f66d40cbf24	872002cb-9bc3-4d1d-ad02-19d935206349	2025-11-09 01:14:19.038	1
283	45681f2c-8b96-42ce-bd75-88bad4bc906f	29ba4a96-9deb-4ea5-b14b-cd94363910b7	2025-11-09 01:56:37.606	1
285	7c1a3b89-1877-4b3e-afb3-c38483487483	92348fcf-4f12-498a-b3d7-979311030bcf	2025-11-09 02:21:18.021	1
286	cd18f602-03c7-409d-8a95-23d260d4d046	92348fcf-4f12-498a-b3d7-979311030bcf	2025-11-09 02:48:13.318	1
288	cd18f602-03c7-409d-8a95-23d260d4d046	872002cb-9bc3-4d1d-ad02-19d935206349	2025-11-09 02:48:29.737	1
290	1bc6e6c9-b94f-473e-9384-b9a4f56c6412	29ba4a96-9deb-4ea5-b14b-cd94363910b7	2025-11-09 02:56:43.995	1
292	ce3dbccb-e672-452f-900d-1e3e23f8b4d2	92348fcf-4f12-498a-b3d7-979311030bcf	2025-11-09 02:59:53.42	1
293	ce3dbccb-e672-452f-900d-1e3e23f8b4d2	29ba4a96-9deb-4ea5-b14b-cd94363910b7	2025-11-09 03:00:00.712	1
295	a5e096c7-64c6-47ff-bbef-b98d3370db70	29ba4a96-9deb-4ea5-b14b-cd94363910b7	2025-11-09 03:05:05.336	1
297	954f78f2-808e-4d46-8162-db72ef509271	872002cb-9bc3-4d1d-ad02-19d935206349	2025-11-09 03:10:36.851	1
300	aaeac1ee-3fa7-4540-b4ac-c4ad7a781ba4	872002cb-9bc3-4d1d-ad02-19d935206349	2025-11-09 03:17:22.114	1
303	fbe7bcc7-b4f0-49bd-8ec4-b487a9e7af00	872002cb-9bc3-4d1d-ad02-19d935206349	2025-11-09 03:19:44.419	1
305	74822b33-bdef-4761-a186-921331ef817e	29ba4a96-9deb-4ea5-b14b-cd94363910b7	2025-11-09 03:22:16.186	1
307	68e0c234-36de-4774-90ee-ff5126976a32	92348fcf-4f12-498a-b3d7-979311030bcf	2025-11-09 03:27:30.031	1
310	050057c7-6b3b-4152-aa13-6878c1e9df07	92348fcf-4f12-498a-b3d7-979311030bcf	2025-11-09 04:03:24.126	1
312	050057c7-6b3b-4152-aa13-6878c1e9df07	872002cb-9bc3-4d1d-ad02-19d935206349	2025-11-09 04:03:46.413	1
123	388f3957-36b4-42b3-8f3c-127ed4f22425	f03afe88-a6d2-4680-83bf-a9708f8a0794	2025-10-15 03:28:19.273	2
124	388f3957-36b4-42b3-8f3c-127ed4f22425	badc0171-7f68-4095-b751-7c6a16464aa1	2025-10-15 03:48:51.939	3
125	388f3957-36b4-42b3-8f3c-127ed4f22425	a40d5cc8-61ce-450c-9ef2-331bd0388a00	2025-10-15 04:09:24.606	1
126	8ee84db6-9fba-4c5e-9fb5-6b3a21825885	471e3956-0427-4cfa-a1de-785dc13b324a	2025-10-25 03:49:55.398	3
127	8ee84db6-9fba-4c5e-9fb5-6b3a21825885	7e926601-1108-4ce3-94a2-eda5fb939cab	2025-10-25 04:07:25.398	2
128	8ee84db6-9fba-4c5e-9fb5-6b3a21825885	2d54ec19-b03d-4033-961e-cee7b642aa89	2025-10-25 04:24:55.398	3
129	8b325fe7-8db2-4522-8836-804f072db934	0faf50e7-0a0b-47df-89f8-69b7d128a729	2025-10-26 09:10:42.616	1
130	8b325fe7-8db2-4522-8836-804f072db934	471e3956-0427-4cfa-a1de-785dc13b324a	2025-10-26 09:29:04.116	2
131	70822a62-cc41-4fee-8b10-835ecfa09955	31198abc-df61-4475-b613-a8769d8eb211	2025-11-07 04:22:43.414	1
132	70822a62-cc41-4fee-8b10-835ecfa09955	a40acbbd-8cf0-4809-9808-be84121f77b4	2025-11-07 04:45:24.08	1
133	70822a62-cc41-4fee-8b10-835ecfa09955	2d54ec19-b03d-4033-961e-cee7b642aa89	2025-11-07 05:08:04.747	3
134	123d94da-4947-4668-81d5-b9523ca8f154	1d5dd09b-b0be-4ec8-a2bc-22789efad827	2025-11-03 09:14:25.627	2
135	123d94da-4947-4668-81d5-b9523ca8f154	b4696bdc-5820-4f4a-875a-ce5d0635afbc	2025-11-03 09:29:06.027	1
136	123d94da-4947-4668-81d5-b9523ca8f154	9f035765-b211-47b4-bcc3-e1a4c75f3373	2025-11-03 09:43:46.427	1
137	123d94da-4947-4668-81d5-b9523ca8f154	92348fcf-4f12-498a-b3d7-979311030bcf	2025-11-03 09:58:26.827	3
138	123d94da-4947-4668-81d5-b9523ca8f154	0021b967-78d8-4507-b555-940d0ac37dc4	2025-11-03 10:13:07.227	2
139	e2d18493-dac0-4e44-89f1-60d7c16e24a6	b693cb35-61ca-4bb5-993e-4d1d4a0e9754	2025-10-17 08:25:15.19	3
140	e2d18493-dac0-4e44-89f1-60d7c16e24a6	aca01acc-7409-42b8-af16-0825defe2ab7	2025-10-17 08:50:54.19	2
141	126dbd87-f2a1-422d-86ba-88e1a6128a38	92348fcf-4f12-498a-b3d7-979311030bcf	2025-11-08 13:30:10.831	2
142	126dbd87-f2a1-422d-86ba-88e1a6128a38	1765325e-9897-424e-a19b-7445f57b2360	2025-11-08 13:40:46.831	3
143	126dbd87-f2a1-422d-86ba-88e1a6128a38	b4696bdc-5820-4f4a-875a-ce5d0635afbc	2025-11-08 13:51:22.831	2
144	598f8028-4d1f-432b-8a6d-1945323920a3	db96dcaa-d5ef-4e9c-8ad0-0c3c48d5c91a	2025-10-14 18:34:42.154	3
145	598f8028-4d1f-432b-8a6d-1945323920a3	ee95f07d-d8e5-43c8-b99f-83bb7d6a0b29	2025-10-14 18:46:30.354	3
146	598f8028-4d1f-432b-8a6d-1945323920a3	92348fcf-4f12-498a-b3d7-979311030bcf	2025-10-14 18:58:18.554	2
147	598f8028-4d1f-432b-8a6d-1945323920a3	aca01acc-7409-42b8-af16-0825defe2ab7	2025-10-14 19:10:06.754	1
148	598f8028-4d1f-432b-8a6d-1945323920a3	cd50de70-f312-416d-bee8-cc40fc5a6f64	2025-10-14 19:21:54.954	1
149	f6fb31c5-1ff6-45c0-9ab9-64463c08ab5f	76626ca5-c39c-4dd1-b61f-2bc01e7c4754	2025-10-12 04:02:48.816	3
150	f6fb31c5-1ff6-45c0-9ab9-64463c08ab5f	b693cb35-61ca-4bb5-993e-4d1d4a0e9754	2025-10-12 04:18:12.616	1
151	f6fb31c5-1ff6-45c0-9ab9-64463c08ab5f	ee95f07d-d8e5-43c8-b99f-83bb7d6a0b29	2025-10-12 04:33:36.416	3
152	f6fb31c5-1ff6-45c0-9ab9-64463c08ab5f	b4696bdc-5820-4f4a-875a-ce5d0635afbc	2025-10-12 04:49:00.216	3
153	f6fb31c5-1ff6-45c0-9ab9-64463c08ab5f	23135ec7-10d2-4721-a3c3-1f99ee61db7c	2025-10-12 05:04:24.016	2
154	4d11f4ab-6db2-44d1-a4c2-88a4eda2671b	c95367ae-249c-4e2c-8f12-5961142c8e96	2025-10-11 04:53:30.481	2
155	4d11f4ab-6db2-44d1-a4c2-88a4eda2671b	d2b74766-4785-440c-9350-e75ebbe2db96	2025-10-11 05:25:44.481	1
156	4ab33f6f-0168-405a-ae25-f545c74c483a	b4696bdc-5820-4f4a-875a-ce5d0635afbc	2025-10-11 21:58:52.448	1
157	4ab33f6f-0168-405a-ae25-f545c74c483a	7628b7c1-12a1-4493-a0fd-1368f12e7953	2025-10-11 22:09:59.048	2
158	4ab33f6f-0168-405a-ae25-f545c74c483a	669310be-7607-47ef-ae11-8b9c01168051	2025-10-11 22:21:05.648	2
159	4ab33f6f-0168-405a-ae25-f545c74c483a	fe830a87-3d79-4ab1-86bf-396fa276bfa5	2025-10-11 22:32:12.248	1
160	4ab33f6f-0168-405a-ae25-f545c74c483a	ebcaba2e-7f90-4189-afd8-d69a9937d962	2025-10-11 22:43:18.848	3
161	9441978a-86e4-4e16-8f71-972a8db89aaa	b693cb35-61ca-4bb5-993e-4d1d4a0e9754	2025-10-30 07:47:13.764	2
162	9441978a-86e4-4e16-8f71-972a8db89aaa	c95367ae-249c-4e2c-8f12-5961142c8e96	2025-10-30 07:59:38.097	1
163	9441978a-86e4-4e16-8f71-972a8db89aaa	167cff32-9d89-4c1b-bc59-4fd1d1c601b2	2025-10-30 08:12:02.43	3
164	538e8519-a1f2-4347-8cd6-2c06b1da0d96	fe830a87-3d79-4ab1-86bf-396fa276bfa5	2025-10-16 06:55:13.346	1
165	538e8519-a1f2-4347-8cd6-2c06b1da0d96	4d734bc2-720d-4383-869f-c549657b0975	2025-10-16 07:16:10.846	2
166	538e8519-a1f2-4347-8cd6-2c06b1da0d96	c95367ae-249c-4e2c-8f12-5961142c8e96	2025-10-16 07:37:08.346	3
167	538e8519-a1f2-4347-8cd6-2c06b1da0d96	7e926601-1108-4ce3-94a2-eda5fb939cab	2025-10-16 07:58:05.846	2
168	95c579cd-66bb-41fa-b4e8-31fd419616a2	4d734bc2-720d-4383-869f-c549657b0975	2025-10-11 08:25:20.481	2
169	95c579cd-66bb-41fa-b4e8-31fd419616a2	ee95f07d-d8e5-43c8-b99f-83bb7d6a0b29	2025-10-11 08:33:08.081	2
170	95c579cd-66bb-41fa-b4e8-31fd419616a2	c8c350ed-c727-481e-b9a7-abc36e68e477	2025-10-11 08:40:55.681	1
171	95c579cd-66bb-41fa-b4e8-31fd419616a2	02ae5f1f-1fbb-4abb-b9b6-4abeed9eca31	2025-10-11 08:48:43.281	2
172	95c579cd-66bb-41fa-b4e8-31fd419616a2	a40acbbd-8cf0-4809-9808-be84121f77b4	2025-10-11 08:56:30.881	3
173	94e43d7e-8ae4-416c-998f-07e9f016403e	20824e28-aa0a-4102-a07d-3c28e4619e22	2025-10-28 13:32:55.115	1
174	94e43d7e-8ae4-416c-998f-07e9f016403e	c8c350ed-c727-481e-b9a7-abc36e68e477	2025-10-28 13:45:18.448	1
175	94e43d7e-8ae4-416c-998f-07e9f016403e	02ae5f1f-1fbb-4abb-b9b6-4abeed9eca31	2025-10-28 13:57:41.781	2
176	110c384e-2033-46b1-8743-18f7f63d48a8	02ae5f1f-1fbb-4abb-b9b6-4abeed9eca31	2025-10-15 10:44:41.108	3
177	110c384e-2033-46b1-8743-18f7f63d48a8	c48010c4-caa4-4d85-9e7a-8332871f514b	2025-10-15 10:53:29.708	3
178	110c384e-2033-46b1-8743-18f7f63d48a8	872002cb-9bc3-4d1d-ad02-19d935206349	2025-10-15 11:02:18.308	2
179	110c384e-2033-46b1-8743-18f7f63d48a8	c5a5ca7f-baee-4928-bdaa-ec5462bc71a2	2025-10-15 11:11:06.908	3
180	110c384e-2033-46b1-8743-18f7f63d48a8	ee95f07d-d8e5-43c8-b99f-83bb7d6a0b29	2025-10-15 11:19:55.508	2
181	0e4bce25-3812-48b7-bcd4-5ccc9f83d1d7	ee95f07d-d8e5-43c8-b99f-83bb7d6a0b29	2025-10-13 02:59:59.988	3
182	0e4bce25-3812-48b7-bcd4-5ccc9f83d1d7	20824e28-aa0a-4102-a07d-3c28e4619e22	2025-10-13 03:27:38.321	3
183	0e4bce25-3812-48b7-bcd4-5ccc9f83d1d7	fc15017f-eed2-489c-b6cf-d572c160ccb5	2025-10-13 03:55:16.654	3
184	565e4930-95fe-4243-99b5-893b8e1be7d3	f03afe88-a6d2-4680-83bf-a9708f8a0794	2025-10-15 00:17:20.047	1
185	565e4930-95fe-4243-99b5-893b8e1be7d3	4ab994e8-0fca-4a6b-b8f6-7dfe14c27e5a	2025-10-15 00:26:17.297	1
186	565e4930-95fe-4243-99b5-893b8e1be7d3	65ee34e6-75b6-4473-bb92-d1aaa594b782	2025-10-15 00:35:14.547	2
187	565e4930-95fe-4243-99b5-893b8e1be7d3	7f59e4f8-40b8-4887-94c5-fe6e83b2aa0a	2025-10-15 00:44:11.797	3
188	52ff33f3-c0e0-4abf-9654-cd4fe612cd1e	7f59e4f8-40b8-4887-94c5-fe6e83b2aa0a	2025-10-26 07:46:37.563	2
189	52ff33f3-c0e0-4abf-9654-cd4fe612cd1e	0021b967-78d8-4507-b555-940d0ac37dc4	2025-10-26 08:26:26.063	1
190	66df181c-9c80-40a7-9e4e-e0f6df2696ea	fc15017f-eed2-489c-b6cf-d572c160ccb5	2025-11-02 12:04:18.748	3
191	66df181c-9c80-40a7-9e4e-e0f6df2696ea	62637afd-d1d1-43c0-86ef-cdaadc518b9b	2025-11-02 12:17:48.148	1
192	66df181c-9c80-40a7-9e4e-e0f6df2696ea	2d54ec19-b03d-4033-961e-cee7b642aa89	2025-11-02 12:31:17.548	1
193	66df181c-9c80-40a7-9e4e-e0f6df2696ea	1765325e-9897-424e-a19b-7445f57b2360	2025-11-02 12:44:46.948	1
194	66df181c-9c80-40a7-9e4e-e0f6df2696ea	f8d86c0b-bea8-4191-96ef-a6c410901017	2025-11-02 12:58:16.348	1
195	1e0d4e96-f76f-4be4-ac9b-b4033d846a94	fc15017f-eed2-489c-b6cf-d572c160ccb5	2025-10-17 22:03:43.568	2
196	1e0d4e96-f76f-4be4-ac9b-b4033d846a94	1765325e-9897-424e-a19b-7445f57b2360	2025-10-17 22:11:12.568	2
197	1e0d4e96-f76f-4be4-ac9b-b4033d846a94	c6b10a1a-8075-4fca-888e-ed7ec1293f61	2025-10-17 22:18:41.568	1
198	1e0d4e96-f76f-4be4-ac9b-b4033d846a94	f8d86c0b-bea8-4191-96ef-a6c410901017	2025-10-17 22:26:10.568	2
199	1e0d4e96-f76f-4be4-ac9b-b4033d846a94	cd50de70-f312-416d-bee8-cc40fc5a6f64	2025-10-17 22:33:39.568	2
200	df4e2224-1dff-41f9-aab1-5b3542b811db	5d21b761-9df4-4af8-84a8-2082618900f2	2025-10-12 04:53:53.977	1
201	df4e2224-1dff-41f9-aab1-5b3542b811db	54851ec8-f4f3-4823-8f95-1c8aa2ba2807	2025-10-12 05:12:38.477	3
202	50be16e6-6619-4a61-a1dd-c5254ffd50dd	54851ec8-f4f3-4823-8f95-1c8aa2ba2807	2025-10-27 19:33:51.433	2
203	50be16e6-6619-4a61-a1dd-c5254ffd50dd	017c089c-912d-4fd6-97e5-25ad6cc27d9f	2025-10-27 19:45:06.433	3
204	50be16e6-6619-4a61-a1dd-c5254ffd50dd	b7c4725b-51ad-4288-ae7e-49d692774e15	2025-10-27 19:56:21.433	1
205	50be16e6-6619-4a61-a1dd-c5254ffd50dd	fd0965a2-0281-4e55-973a-fd39818acee7	2025-10-27 20:07:36.433	3
206	50be16e6-6619-4a61-a1dd-c5254ffd50dd	4160efb8-dea6-4965-a3ee-f03765c7c3a6	2025-10-27 20:18:51.433	3
207	2b07f075-cf79-454f-849d-dd87d29205ef	b7c4725b-51ad-4288-ae7e-49d692774e15	2025-11-08 13:31:00.192	1
208	2b07f075-cf79-454f-849d-dd87d29205ef	54851ec8-f4f3-4823-8f95-1c8aa2ba2807	2025-11-08 13:47:10.192	1
209	2b07f075-cf79-454f-849d-dd87d29205ef	5d21b761-9df4-4af8-84a8-2082618900f2	2025-11-08 14:03:20.192	2
210	2b07f075-cf79-454f-849d-dd87d29205ef	4160efb8-dea6-4965-a3ee-f03765c7c3a6	2025-11-08 14:19:30.192	1
211	2b07f075-cf79-454f-849d-dd87d29205ef	8782c010-fe61-43eb-88bf-cc2d82a47410	2025-11-08 14:35:40.192	3
212	0f83dc29-d8a5-4adf-ab6b-fc5d4934f774	017c089c-912d-4fd6-97e5-25ad6cc27d9f	2025-10-11 05:54:02.326	1
213	0f83dc29-d8a5-4adf-ab6b-fc5d4934f774	8d59cf7d-f43a-4db1-b3aa-9100fc922339	2025-10-11 06:05:39.326	3
214	0f83dc29-d8a5-4adf-ab6b-fc5d4934f774	fd0965a2-0281-4e55-973a-fd39818acee7	2025-10-11 06:17:16.326	3
215	a64cf2a6-7feb-4f5d-83a8-58a3355705eb	b7c4725b-51ad-4288-ae7e-49d692774e15	2025-10-28 18:24:48.686	1
216	a64cf2a6-7feb-4f5d-83a8-58a3355705eb	017c089c-912d-4fd6-97e5-25ad6cc27d9f	2025-10-28 18:57:03.686	2
217	3e0c00c1-529a-46da-85df-d010284e17b6	f8d86c0b-bea8-4191-96ef-a6c410901017	2025-10-20 21:52:54.503	2
218	3e0c00c1-529a-46da-85df-d010284e17b6	2a6b3890-5d33-424b-ac7b-99693e19ecf0	2025-10-20 22:08:12.503	1
219	203457b1-7d30-4c07-a6fe-a50952607556	e68dbed9-496b-42a9-baf0-e8f1432bd871	2025-10-10 21:59:36.183	3
220	203457b1-7d30-4c07-a6fe-a50952607556	17104a58-467e-42c8-bbdc-0460f8d44efd	2025-10-10 22:14:03.933	1
221	203457b1-7d30-4c07-a6fe-a50952607556	c6b10a1a-8075-4fca-888e-ed7ec1293f61	2025-10-10 22:28:31.683	1
222	203457b1-7d30-4c07-a6fe-a50952607556	3c2ebc4b-2443-43d8-9912-d0f106320fa9	2025-10-10 22:42:59.433	2
223	97de4394-84c4-4fb9-8dd3-6a7dc95ed1c6	1d5dd09b-b0be-4ec8-a2bc-22789efad827	2025-10-29 06:44:51.683	3
224	97de4394-84c4-4fb9-8dd3-6a7dc95ed1c6	aeb863bf-bd8e-464c-881c-dad1a7113a89	2025-10-29 07:01:25.016	3
225	97de4394-84c4-4fb9-8dd3-6a7dc95ed1c6	4160efb8-dea6-4965-a3ee-f03765c7c3a6	2025-10-29 07:17:58.349	2
226	c8f1e8cf-2e5e-4490-b873-5172d8032852	a40acbbd-8cf0-4809-9808-be84121f77b4	2025-11-05 15:17:33.112	1
227	c8f1e8cf-2e5e-4490-b873-5172d8032852	badc0171-7f68-4095-b751-7c6a16464aa1	2025-11-05 15:28:03.912	3
228	c8f1e8cf-2e5e-4490-b873-5172d8032852	e21fe550-8eee-4c06-943b-c1be9c6d3877	2025-11-05 15:38:34.712	3
229	c8f1e8cf-2e5e-4490-b873-5172d8032852	e68dbed9-496b-42a9-baf0-e8f1432bd871	2025-11-05 15:49:05.512	3
230	c8f1e8cf-2e5e-4490-b873-5172d8032852	84934733-59f2-4ada-bf73-c33cef4a7c34	2025-11-05 15:59:36.312	2
231	091130e2-65f3-48f7-86b6-5d4fd211a06e	b4696bdc-5820-4f4a-875a-ce5d0635afbc	2025-10-25 20:54:20.272	3
232	091130e2-65f3-48f7-86b6-5d4fd211a06e	c0155e75-6919-4201-beea-b5ec2573ddfe	2025-10-25 21:16:49.022	1
233	091130e2-65f3-48f7-86b6-5d4fd211a06e	4d734bc2-720d-4383-869f-c549657b0975	2025-10-25 21:39:17.772	2
234	091130e2-65f3-48f7-86b6-5d4fd211a06e	9d76fd50-0d94-4b96-8eef-7929c552e4dc	2025-10-25 22:01:46.522	1
235	7edf0c70-98c7-412b-9661-3fac6ae1de68	c0155e75-6919-4201-beea-b5ec2573ddfe	2025-11-02 11:28:05.537	1
236	7edf0c70-98c7-412b-9661-3fac6ae1de68	7628b7c1-12a1-4493-a0fd-1368f12e7953	2025-11-02 12:01:52.037	1
237	18e2059b-5058-452e-9574-86e3ec0177f9	c0155e75-6919-4201-beea-b5ec2573ddfe	2025-11-08 12:49:30.931	3
238	18e2059b-5058-452e-9574-86e3ec0177f9	7628b7c1-12a1-4493-a0fd-1368f12e7953	2025-11-08 13:04:11.597	3
239	18e2059b-5058-452e-9574-86e3ec0177f9	4d734bc2-720d-4383-869f-c549657b0975	2025-11-08 13:18:52.264	2
240	95587a0f-bdb4-446e-85a2-81596bfe0d4c	f8d86c0b-bea8-4191-96ef-a6c410901017	2025-10-14 07:47:57.447	1
241	95587a0f-bdb4-446e-85a2-81596bfe0d4c	364f3c9b-5fb0-48de-b400-b1619b5a0af0	2025-10-14 08:06:57.947	1
242	8725d767-d006-4169-a324-89cf9a6d4b50	b49351d7-84c7-4706-a9d4-55d8275fc329	2025-10-21 00:23:16.482	3
243	8725d767-d006-4169-a324-89cf9a6d4b50	f8d86c0b-bea8-4191-96ef-a6c410901017	2025-10-21 00:36:47.882	3
244	8725d767-d006-4169-a324-89cf9a6d4b50	1765325e-9897-424e-a19b-7445f57b2360	2025-10-21 00:50:19.282	2
245	8725d767-d006-4169-a324-89cf9a6d4b50	471e3956-0427-4cfa-a1de-785dc13b324a	2025-10-21 01:03:50.682	2
246	8725d767-d006-4169-a324-89cf9a6d4b50	02ae5f1f-1fbb-4abb-b9b6-4abeed9eca31	2025-10-21 01:17:22.082	1
247	188f24e7-1326-4f31-9846-3b5857f86abb	b49351d7-84c7-4706-a9d4-55d8275fc329	2025-10-21 18:53:14.894	2
248	188f24e7-1326-4f31-9846-3b5857f86abb	54851ec8-f4f3-4823-8f95-1c8aa2ba2807	2025-10-21 19:10:12.894	3
249	188f24e7-1326-4f31-9846-3b5857f86abb	a40acbbd-8cf0-4809-9808-be84121f77b4	2025-10-21 19:27:10.894	3
250	7a243141-fef4-4b8f-bc6c-2246b6cb35ae	471e3956-0427-4cfa-a1de-785dc13b324a	2025-10-27 07:02:31.175	3
251	7a243141-fef4-4b8f-bc6c-2246b6cb35ae	364f3c9b-5fb0-48de-b400-b1619b5a0af0	2025-10-27 07:30:42.175	3
252	7a243141-fef4-4b8f-bc6c-2246b6cb35ae	e113e2d8-0174-462e-95a6-7e14c8cb7965	2025-10-27 07:58:53.175	2
253	c80d762c-174c-4739-845a-64b37abe82e6	471e3956-0427-4cfa-a1de-785dc13b324a	2025-10-21 18:01:32.131	3
254	c80d762c-174c-4739-845a-64b37abe82e6	29fbc146-b6bf-4f75-a90a-0b65ca2c2ea3	2025-10-21 18:19:09.331	1
255	c80d762c-174c-4739-845a-64b37abe82e6	02ae5f1f-1fbb-4abb-b9b6-4abeed9eca31	2025-10-21 18:36:46.531	2
256	c80d762c-174c-4739-845a-64b37abe82e6	1765325e-9897-424e-a19b-7445f57b2360	2025-10-21 18:54:23.731	2
257	c80d762c-174c-4739-845a-64b37abe82e6	b49351d7-84c7-4706-a9d4-55d8275fc329	2025-10-21 19:12:00.931	1
260	bb014121-c78f-420a-972c-20b1783de535	c73d39f7-57ce-45c9-9994-ebf7a0ee1b22	2025-11-08 21:53:32.05	1
266	b25ea133-398e-4306-b054-808609e6ef22	29ba4a96-9deb-4ea5-b14b-cd94363910b7	2025-11-08 22:32:52.185	1
269	a1320886-6282-4504-bbb9-da92238103ad	92348fcf-4f12-498a-b3d7-979311030bcf	2025-11-08 23:52:29.612	1
\.


--
-- Data for Name: activity_track_points; Type: TABLE DATA; Schema: public; Owner: tung_user
--

COPY public.activity_track_points (id, activity_id, latitude, longitude, "timestamp", accuracy) FROM stdin;
2481	b9b3b935-5fba-4c35-914a-9fbf2542a642	25.02184564715719	121.5352262557685	2025-11-08 21:16:40.375	\N
2482	b9b3b935-5fba-4c35-914a-9fbf2542a642	25.02184564715719	121.5352262557685	2025-11-08 21:16:39.854	19.87972792467244
2487	c727db3c-dc01-4a1d-be88-a5a2be8c1f72	25.02176379787272	121.5351946559935	2025-11-08 21:47:12.554	\N
2488	c727db3c-dc01-4a1d-be88-a5a2be8c1f72	25.02176379787272	121.5351946559935	2025-11-08 21:47:11.999	6.535087129228806
2529	92b0ebbd-c5c3-4018-8de7-03683fea631a	25.02171608067844	121.5352140066591	2025-11-09 00:41:31.289	\N
2530	92b0ebbd-c5c3-4018-8de7-03683fea631a	25.02171608067844	121.5352140066591	2025-11-09 00:41:31	20.69785784160715
2573	7c1a3b89-1877-4b3e-afb3-c38483487483	25.02181065270356	121.5351580270767	2025-11-09 02:21:11.999	4.748651530191761
2574	7c1a3b89-1877-4b3e-afb3-c38483487483	25.02176117275178	121.5351363951149	2025-11-09 02:21:21.999	30.14714423316874
2575	7c1a3b89-1877-4b3e-afb3-c38483487483	25.02176117275178	121.5351363951149	2025-11-09 02:21:23.188	\N
2585	cd18f602-03c7-409d-8a95-23d260d4d046	25.02176521795324	121.5351889610899	2025-11-09 02:48:08.489	\N
2586	cd18f602-03c7-409d-8a95-23d260d4d046	25.02176521795324	121.5351889610899	2025-11-09 02:48:08	22.68757516939115
2635	fbe7bcc7-b4f0-49bd-8ec4-b487a9e7af00	25.02181302211951	121.5352417162603	2025-11-09 03:19:11	20.71896761709343
2636	fbe7bcc7-b4f0-49bd-8ec4-b487a9e7af00	25.02181382733835	121.5352402814559	2025-11-09 03:19:50.695	\N
2646	050057c7-6b3b-4152-aa13-6878c1e9df07	25.0217431716689	121.5352414923474	2025-11-09 04:03:14.221	\N
2647	050057c7-6b3b-4152-aa13-6878c1e9df07	25.0217431716689	121.5352414923474	2025-11-09 04:03:13.999	22.55112201562718
2483	37d979c0-09fd-4209-8b07-200b6a824b67	25.02177498753916	121.5352464584656	2025-11-08 21:17:35.434	\N
2484	37d979c0-09fd-4209-8b07-200b6a824b67	25.02177498753916	121.5352464584656	2025-11-08 21:17:34.999	33.05414257965038
2489	c727db3c-dc01-4a1d-be88-a5a2be8c1f72	25.02176379787272	121.5351946559935	2025-11-08 21:47:11.999	6.535087129228806
2490	c727db3c-dc01-4a1d-be88-a5a2be8c1f72	25.02183575651145	121.5353267547875	2025-11-08 21:47:13.999	6.068204349643805
2491	c727db3c-dc01-4a1d-be88-a5a2be8c1f72	25.02181034771983	121.5352228903088	2025-11-08 21:47:35.999	38.28502352913981
2492	c727db3c-dc01-4a1d-be88-a5a2be8c1f72	25.02181034771983	121.5352228903088	2025-11-08 21:47:53.999	32.80960836400404
2493	c727db3c-dc01-4a1d-be88-a5a2be8c1f72	25.02175360390984	121.5352155873067	2025-11-08 21:50:54.999	30.82123195954846
2531	356f8048-1d9f-4205-9daf-59538584a920	25.02176509705981	121.5352367331474	2025-11-09 00:48:32.746	\N
2532	356f8048-1d9f-4205-9daf-59538584a920	25.02176509705981	121.5352367331474	2025-11-09 00:48:31.999	4.748651530191761
2533	356f8048-1d9f-4205-9daf-59538584a920	25.02176509705981	121.5352367331474	2025-11-09 00:48:31.999	4.748651530191761
2534	356f8048-1d9f-4205-9daf-59538584a920	25.02176509705981	121.5352367331474	2025-11-09 00:48:39.227	\N
2576	e160e489-3d29-4158-8416-6d4f31ac413d	25.02173883734213	121.5351669654809	2025-11-09 02:22:17.392	\N
2577	e160e489-3d29-4158-8416-6d4f31ac413d	25.02173883734213	121.5351669654809	2025-11-09 02:22:16.999	25.43997681249718
2578	e160e489-3d29-4158-8416-6d4f31ac413d	25.02173883734213	121.5351669654809	2025-11-09 02:22:16.999	25.43997681249718
2579	e160e489-3d29-4158-8416-6d4f31ac413d	25.02173883734213	121.5351669654809	2025-11-09 02:22:25.316	\N
2587	cd18f602-03c7-409d-8a95-23d260d4d046	25.02176521795324	121.5351889610899	2025-11-09 02:48:08	22.68757516939115
2588	cd18f602-03c7-409d-8a95-23d260d4d046	25.02176521795324	121.5351889610899	2025-11-09 02:48:33.558	\N
2637	74822b33-bdef-4761-a186-921331ef817e	25.02177353521737	121.5352135026033	2025-11-09 03:21:52.892	\N
2638	74822b33-bdef-4761-a186-921331ef817e	25.02177353521737	121.5352135026033	2025-11-09 03:21:52	23.35342982990947
2648	050057c7-6b3b-4152-aa13-6878c1e9df07	25.0217431716689	121.5352414923474	2025-11-09 04:03:13.999	22.55112201562718
2649	050057c7-6b3b-4152-aa13-6878c1e9df07	25.0217431716689	121.5352414923474	2025-11-09 04:03:51.697	\N
2485	7f81476e-df1b-4bc0-a1b8-09b210c4c663	25.02169682646638	121.535259364286	2025-11-08 21:20:50.215	\N
2486	7f81476e-df1b-4bc0-a1b8-09b210c4c663	25.02169682646638	121.535259364286	2025-11-08 21:20:49.999	7.960526448484766
2494	c727db3c-dc01-4a1d-be88-a5a2be8c1f72	25.0217520798414	121.5352740097416	2025-11-08 21:51:33.999	32.623094114971
2495	c727db3c-dc01-4a1d-be88-a5a2be8c1f72	25.02178279701466	121.535220782982	2025-11-08 21:52:09.999	33.33150045194427
2496	c727db3c-dc01-4a1d-be88-a5a2be8c1f72	25.02175167929487	121.5352591207116	2025-11-08 21:52:45.999	32.08822098562199
2497	c727db3c-dc01-4a1d-be88-a5a2be8c1f72	25.02175167929487	121.5352591207116	2025-11-08 21:53:22.211	\N
2500	bb014121-c78f-420a-972c-20b1783de535	25.02175167929487	121.5352591207116	2025-11-08 21:53:28.999	29.85311959579058
2501	bb014121-c78f-420a-972c-20b1783de535	25.02175167929487	121.5352591207116	2025-11-08 21:54:11.637	\N
2502	ee9ec4f4-0790-423f-ba79-0af8488894d0	25.02181400787619	121.5350874875403	2025-11-08 21:54:26.795	\N
2503	ee9ec4f4-0790-423f-ba79-0af8488894d0	25.02181400787619	121.5350874875403	2025-11-08 21:54:25.999	26.86775786654041
2535	ba957fcf-95ac-4130-b204-9552197955b1	25.0217735208725	121.5352261719494	2025-11-09 00:48:43.528	\N
2536	ba957fcf-95ac-4130-b204-9552197955b1	25.0217735208725	121.5352261719494	2025-11-09 00:48:42.999	4.748651530191761
2537	ba957fcf-95ac-4130-b204-9552197955b1	25.0217735208725	121.5352261719494	2025-11-09 00:48:42.999	4.748651530191761
2538	ba957fcf-95ac-4130-b204-9552197955b1	25.0217735208725	121.5352261719494	2025-11-09 00:48:50.678	\N
2580	d99459b0-6eb2-44fd-ac5d-2054146d91e2	25.0218089344134	121.5352066421151	2025-11-09 02:35:09.898	\N
2581	d99459b0-6eb2-44fd-ac5d-2054146d91e2	25.0218089344134	121.5352066421151	2025-11-09 02:35:09	37.5781219872455
2582	d99459b0-6eb2-44fd-ac5d-2054146d91e2	25.0218089344134	121.5352066421151	2025-11-09 02:35:09	37.5781219872455
2583	d99459b0-6eb2-44fd-ac5d-2054146d91e2	25.0218089344134	121.5352066421151	2025-11-09 02:35:16	32.30864419616804
2584	d99459b0-6eb2-44fd-ac5d-2054146d91e2	25.0218089344134	121.5352066421151	2025-11-09 02:35:20.723	\N
2589	1bc6e6c9-b94f-473e-9384-b9a4f56c6412	25.02173289147494	121.535179538515	2025-11-09 02:56:28.277	\N
2590	1bc6e6c9-b94f-473e-9384-b9a4f56c6412	25.02173289147494	121.535179538515	2025-11-09 02:56:28	29.57728660195669
2591	1bc6e6c9-b94f-473e-9384-b9a4f56c6412	25.02173289147494	121.535179538515	2025-11-09 02:56:28	29.57728660195669
2592	1bc6e6c9-b94f-473e-9384-b9a4f56c6412	25.02175238855726	121.5352302553368	2025-11-09 02:56:34	30.98712453229203
2593	1bc6e6c9-b94f-473e-9384-b9a4f56c6412	25.02173260201598	121.535278567779	2025-11-09 02:56:56	26.41870852474204
2594	1bc6e6c9-b94f-473e-9384-b9a4f56c6412	25.02173260201598	121.535278567779	2025-11-09 02:57:00.085	\N
2639	74822b33-bdef-4761-a186-921331ef817e	25.02177783192326	121.5352072717099	2025-11-09 03:21:53	23.05991626644584
2640	74822b33-bdef-4761-a186-921331ef817e	25.02177353521737	121.5352135026033	2025-11-09 03:22:29.822	\N
2498	bb014121-c78f-420a-972c-20b1783de535	25.02175167929487	121.5352591207116	2025-11-08 21:53:29.096	\N
2499	bb014121-c78f-420a-972c-20b1783de535	25.02175167929487	121.5352591207116	2025-11-08 21:53:28.999	29.85311959579058
2539	c4560aaa-7c40-411a-8034-053e9ed00716	25.02179160983589	121.5352203883503	2025-11-09 00:48:50.966	\N
2595	ce3dbccb-e672-452f-900d-1e3e23f8b4d2	25.02181723249754	121.5352426842987	2025-11-09 02:59:49.501	\N
2596	ce3dbccb-e672-452f-900d-1e3e23f8b4d2	25.02181723249754	121.5352426842987	2025-11-09 02:59:48.999	4.748651530191761
2641	68e0c234-36de-4774-90ee-ff5126976a32	25.02180118116086	121.5352211428075	2025-11-09 03:27:21.802	\N
2642	68e0c234-36de-4774-90ee-ff5126976a32	25.02180118116086	121.5352211428075	2025-11-09 03:27:21	3.535533905932737
2504	ee9ec4f4-0790-423f-ba79-0af8488894d0	25.02181400787619	121.5350874875403	2025-11-08 21:54:25.999	26.86775786654041
2505	ee9ec4f4-0790-423f-ba79-0af8488894d0	25.02181400787619	121.5350874875403	2025-11-08 21:54:58.952	\N
2506	5c094eba-4688-4e18-b28a-112e20f85da6	25.02185459810305	121.5352032602297	2025-11-08 21:56:32.444	\N
2507	5c094eba-4688-4e18-b28a-112e20f85da6	25.02185459810305	121.5352032602297	2025-11-08 21:56:31.999	27.70153981709534
2508	5c094eba-4688-4e18-b28a-112e20f85da6	25.02185459810305	121.5352032602297	2025-11-08 21:56:31.999	27.70153981709534
2509	5c094eba-4688-4e18-b28a-112e20f85da6	25.02185459810305	121.5352032602297	2025-11-08 21:56:38.156	\N
2540	85242ce5-cdef-40a7-8827-996ca048d595	25.02181186808741	121.5351889562994	2025-11-09 00:51:34.649	\N
2541	85242ce5-cdef-40a7-8827-996ca048d595	25.02181186808741	121.5351889562994	2025-11-09 00:51:33.999	3.535533905932737
2597	ce3dbccb-e672-452f-900d-1e3e23f8b4d2	25.02181723249754	121.5352426842987	2025-11-09 02:59:48.999	4.748651530191761
2598	ce3dbccb-e672-452f-900d-1e3e23f8b4d2	25.02178505611164	121.5351786738672	2025-11-09 03:00:02.999	20.04419439009282
2599	ce3dbccb-e672-452f-900d-1e3e23f8b4d2	25.02178505611164	121.5351786738672	2025-11-09 03:00:04.488	\N
2643	68e0c234-36de-4774-90ee-ff5126976a32	25.02180118116086	121.5352211428075	2025-11-09 03:27:21	3.535533905932737
2644	68e0c234-36de-4774-90ee-ff5126976a32	25.02175911336258	121.5351965142147	2025-11-09 03:27:48	26.99026160812949
2645	68e0c234-36de-4774-90ee-ff5126976a32	25.02175911336258	121.5351965142147	2025-11-09 03:27:54.009	\N
2510	b25ea133-398e-4306-b054-808609e6ef22	25.02180164216554	121.5350680892556	2025-11-08 22:32:39.557	\N
2542	85242ce5-cdef-40a7-8827-996ca048d595	25.02181186808741	121.5351889562994	2025-11-09 00:51:33.999	3.535533905932737
2543	85242ce5-cdef-40a7-8827-996ca048d595	25.02176767488664	121.5352127940615	2025-11-09 00:52:08.999	17.53235997414098
2544	85242ce5-cdef-40a7-8827-996ca048d595	25.02176767488664	121.5352127940615	2025-11-09 00:52:11.601	\N
2600	a5e096c7-64c6-47ff-bbef-b98d3370db70	25.02176821100788	121.535215897798	2025-11-09 03:03:59.568	\N
2601	a5e096c7-64c6-47ff-bbef-b98d3370db70	25.02176821100788	121.535215897798	2025-11-09 03:03:59	21.72939057912571
2511	b25ea133-398e-4306-b054-808609e6ef22	25.02180164216554	121.5350680892556	2025-11-08 22:32:39.001	4.408605734959906
2512	b25ea133-398e-4306-b054-808609e6ef22	25.02180164216554	121.5350680892556	2025-11-08 22:32:39.001	4.408605734959906
2513	b25ea133-398e-4306-b054-808609e6ef22	25.02168804930792	121.5351156498147	2025-11-08 22:33:03	37.10775777889781
2514	b25ea133-398e-4306-b054-808609e6ef22	25.02169061241512	121.5351113416769	2025-11-08 22:33:04	30.74493105599861
2515	b25ea133-398e-4306-b054-808609e6ef22	25.02168804930792	121.5351156498147	2025-11-08 22:33:07.548	\N
2518	4a75f4ce-e384-4253-86e2-a8eadcc7ef5f	25.02178814729354	121.5351241641878	2025-11-08 22:35:35.999	4.748651530191761
2519	4a75f4ce-e384-4253-86e2-a8eadcc7ef5f	25.02178814729354	121.5351241641878	2025-11-08 22:35:47.837	\N
2545	937cc9f1-7214-4b69-b621-8921f29af332	25.02171983935623	121.5352596571328	2025-11-09 00:58:05.463	\N
2546	937cc9f1-7214-4b69-b621-8921f29af332	25.02171983935623	121.5352596571328	2025-11-09 00:58:05	21.8007372383461
2602	a5e096c7-64c6-47ff-bbef-b98d3370db70	25.02176821100788	121.535215897798	2025-11-09 03:03:59	21.72939057912571
2603	a5e096c7-64c6-47ff-bbef-b98d3370db70	25.02180288156841	121.5352515210049	2025-11-09 03:04:10	21.69314173931822
2604	a5e096c7-64c6-47ff-bbef-b98d3370db70	25.02185067770212	121.5352741853235	2025-11-09 03:04:21	20.70238247442816
2605	a5e096c7-64c6-47ff-bbef-b98d3370db70	25.02179848035355	121.5352442085197	2025-11-09 03:04:36	18.95255889334518
2606	a5e096c7-64c6-47ff-bbef-b98d3370db70	25.02179848035355	121.5352442085197	2025-11-09 03:05:17.871	\N
2516	4a75f4ce-e384-4253-86e2-a8eadcc7ef5f	25.02178814729354	121.5351241641878	2025-11-08 22:35:36.436	\N
2517	4a75f4ce-e384-4253-86e2-a8eadcc7ef5f	25.02178814729354	121.5351241641878	2025-11-08 22:35:35.999	4.748651530191761
2547	937cc9f1-7214-4b69-b621-8921f29af332	25.02171983935623	121.5352596571328	2025-11-09 00:58:05	21.8007372383461
2548	937cc9f1-7214-4b69-b621-8921f29af332	25.02174279077414	121.5352194815884	2025-11-09 00:58:06	21.56014684696572
2549	937cc9f1-7214-4b69-b621-8921f29af332	25.02174279077414	121.5352194815884	2025-11-09 00:58:16.026	\N
2607	954f78f2-808e-4d46-8162-db72ef509271	25.02182558488851	121.5352082458111	2025-11-09 03:10:33.241	\N
2608	954f78f2-808e-4d46-8162-db72ef509271	25.02182558488851	121.5352082458111	2025-11-09 03:10:33	22.40108037556006
2609	954f78f2-808e-4d46-8162-db72ef509271	25.02182558488851	121.5352082458111	2025-11-09 03:10:33	22.40108037556006
2610	954f78f2-808e-4d46-8162-db72ef509271	25.02182558488851	121.5352082458111	2025-11-09 03:10:42.334	\N
2615	b2d2a8d3-8295-437e-9251-2217a96584ba	25.0217966760075	121.5352143971153	2025-11-09 03:12:43.959	\N
2616	b2d2a8d3-8295-437e-9251-2217a96584ba	25.0217966760075	121.5352143971153	2025-11-09 03:12:42.999	21.5458399727451
2617	b2d2a8d3-8295-437e-9251-2217a96584ba	25.0217966760075	121.5352143971153	2025-11-09 03:12:43.999	21.43398972737764
2618	b2d2a8d3-8295-437e-9251-2217a96584ba	25.0217966760075	121.5352143971153	2025-11-09 03:12:46.675	\N
2520	afcd2ab9-2332-4bc1-9d46-f3ccdffb81e4	25.02176095609188	121.5353040034692	2025-11-08 23:48:20.557	\N
2521	afcd2ab9-2332-4bc1-9d46-f3ccdffb81e4	25.02176095609188	121.5353040034692	2025-11-08 23:48:19.999	26.24527957505878
2522	afcd2ab9-2332-4bc1-9d46-f3ccdffb81e4	25.02176095609188	121.5353040034692	2025-11-08 23:48:19.999	26.24527957505878
2523	afcd2ab9-2332-4bc1-9d46-f3ccdffb81e4	25.02176095609188	121.5353040034692	2025-11-08 23:48:25.806	\N
2550	84734645-6729-488f-a0ca-cd9c777d2705	25.02174086871264	121.5352012384029	2025-11-09 01:01:02.371	\N
2551	84734645-6729-488f-a0ca-cd9c777d2705	25.02174086871264	121.5352012384029	2025-11-09 01:01:02	22.01606210304464
2552	84734645-6729-488f-a0ca-cd9c777d2705	25.02174086871264	121.5352012384029	2025-11-09 01:01:02	22.01606210304464
2553	84734645-6729-488f-a0ca-cd9c777d2705	25.02174086871264	121.5352012384029	2025-11-09 01:01:28.451	\N
2611	6de60a60-694e-40f3-9289-e59fc8878a91	25.0217966760075	121.5352143971153	2025-11-09 03:12:22.641	\N
2612	6de60a60-694e-40f3-9289-e59fc8878a91	25.0217966760075	121.5352143971153	2025-11-09 03:12:21.999	22.84968870484935
2613	6de60a60-694e-40f3-9289-e59fc8878a91	25.0217966760075	121.5352143971153	2025-11-09 03:12:21.999	22.84968870484935
2614	6de60a60-694e-40f3-9289-e59fc8878a91	25.0217966760075	121.5352143971153	2025-11-09 03:12:37.356	\N
2524	69389a36-5e87-468c-b771-adc2f958c36d	25.02176095609188	121.5353040034692	2025-11-08 23:48:26.073	\N
2554	b7923d16-829a-49b4-a70e-7f66d40cbf24	25.02172666604167	121.5352126770853	2025-11-09 01:14:00.366	\N
2555	b7923d16-829a-49b4-a70e-7f66d40cbf24	25.02172666604167	121.5352126770853	2025-11-09 01:13:59.944	11.08228594308743
2619	6d36b346-5203-45ad-9826-d8ac1e29cf3c	25.0217966760075	121.5352143971153	2025-11-09 03:12:58.939	\N
2620	6d36b346-5203-45ad-9826-d8ac1e29cf3c	25.0217966760075	121.5352143971153	2025-11-09 03:12:57.999	22.55173338547345
2525	a1320886-6282-4504-bbb9-da92238103ad	25.02173608332941	121.5352441394709	2025-11-08 23:52:19.988	\N
2526	a1320886-6282-4504-bbb9-da92238103ad	25.02173608332941	121.5352441394709	2025-11-08 23:52:18.999	23.68774068211459
2556	b7923d16-829a-49b4-a70e-7f66d40cbf24	25.02172666604167	121.5352126770853	2025-11-09 01:13:59.944	11.08228594308743
2557	b7923d16-829a-49b4-a70e-7f66d40cbf24	25.02172427719927	121.5352124256282	2025-11-09 01:14:02.023	5.594472795180108
2558	b7923d16-829a-49b4-a70e-7f66d40cbf24	25.02176727635464	121.5351942368984	2025-11-09 01:14:19	4.748651530191762
2559	b7923d16-829a-49b4-a70e-7f66d40cbf24	25.02176727635464	121.5351942368984	2025-11-09 01:14:23.246	\N
2621	63b7874e-bfb3-4256-8e67-a72e51f23bc8	25.0217966760075	121.5352143971153	2025-11-09 03:13:38.409	\N
2622	63b7874e-bfb3-4256-8e67-a72e51f23bc8	25.0217966760075	121.5352143971153	2025-11-09 03:13:38	24.09750750934345
2623	63b7874e-bfb3-4256-8e67-a72e51f23bc8	25.0217966760075	121.5352143971153	2025-11-09 03:13:38	24.09750750934345
2624	63b7874e-bfb3-4256-8e67-a72e51f23bc8	25.0217966760075	121.5352143971153	2025-11-09 03:13:40.102	\N
2527	a1320886-6282-4504-bbb9-da92238103ad	25.02173608332941	121.5352441394709	2025-11-08 23:52:19.999	22.68053221108064
2528	a1320886-6282-4504-bbb9-da92238103ad	25.02173608332941	121.5352441394709	2025-11-08 23:53:04.209	\N
2560	36713e71-bec4-4236-a287-52f9da7f2599	25.0217671925435	121.5352599510192	2025-11-09 01:20:20.463	\N
2561	36713e71-bec4-4236-a287-52f9da7f2599	25.0217671925435	121.5352599510192	2025-11-09 01:20:19.999	3.535533905932737
2625	da3ca58f-45d1-46eb-95a9-90371f563d59	25.0217966760075	121.5352143971153	2025-11-09 03:13:52.178	\N
2626	da3ca58f-45d1-46eb-95a9-90371f563d59	25.0217966760075	121.5352143971153	2025-11-09 03:13:52	24.47832954982987
2627	da3ca58f-45d1-46eb-95a9-90371f563d59	25.0217966760075	121.5352143971153	2025-11-09 03:13:52	24.47832954982987
2628	da3ca58f-45d1-46eb-95a9-90371f563d59	25.0217966760075	121.5352143971153	2025-11-09 03:14:07.364	\N
2562	36713e71-bec4-4236-a287-52f9da7f2599	25.0217671925435	121.5352599510192	2025-11-09 01:20:19.999	3.535533905932737
2563	36713e71-bec4-4236-a287-52f9da7f2599	25.0217541768615	121.5352115542795	2025-11-09 01:26:21.676	2.005881406210351
2564	36713e71-bec4-4236-a287-52f9da7f2599	25.02167406959927	121.5351990984022	2025-11-09 01:26:22.259	16.55863012638218
2565	36713e71-bec4-4236-a287-52f9da7f2599	25.02173173709309	121.535193398708	2025-11-09 01:26:24	6.40413881532769
2566	36713e71-bec4-4236-a287-52f9da7f2599	25.02172247545101	121.535103201325	2025-11-09 01:54:26.999	21.00439858888222
2629	aaeac1ee-3fa7-4540-b4ac-c4ad7a781ba4	25.02182354400566	121.5352331828914	2025-11-09 03:16:33.899	\N
2630	aaeac1ee-3fa7-4540-b4ac-c4ad7a781ba4	25.02182354400566	121.5352331828914	2025-11-09 03:16:32.999	21.8753544322793
2567	45681f2c-8b96-42ce-bd75-88bad4bc906f	25.02176811455285	121.5351768863588	2025-11-09 01:56:28.977	\N
2568	45681f2c-8b96-42ce-bd75-88bad4bc906f	25.02176811455285	121.5351768863588	2025-11-09 01:56:27.998	3.535533905932737
2631	aaeac1ee-3fa7-4540-b4ac-c4ad7a781ba4	25.02182354400566	121.5352331828914	2025-11-09 03:16:32.999	21.8753544322793
2569	45681f2c-8b96-42ce-bd75-88bad4bc906f	25.02176815646237	121.5351776407301	2025-11-09 01:56:28.998	3.535533905932737
2570	45681f2c-8b96-42ce-bd75-88bad4bc906f	25.02176811455285	121.5351768863588	2025-11-09 01:56:50.923	\N
2632	aaeac1ee-3fa7-4540-b4ac-c4ad7a781ba4	25.02182354400566	121.5352331828914	2025-11-09 03:17:28.263	\N
1196	388f3957-36b4-42b3-8f3c-127ed4f22425	25.08906737601118	121.5679038768286	2025-10-15 03:28:19.273	7.89957661398817
1197	388f3957-36b4-42b3-8f3c-127ed4f22425	25.0864192580722	121.565109867464	2025-10-15 03:30:14.835	5.420840222649845
1198	388f3957-36b4-42b3-8f3c-127ed4f22425	25.08402327831683	121.5617391840851	2025-10-15 03:32:10.398	11.21533453177759
1199	388f3957-36b4-42b3-8f3c-127ed4f22425	25.08155429577404	121.5589932286023	2025-10-15 03:34:05.96	10.18122225479701
1200	388f3957-36b4-42b3-8f3c-127ed4f22425	25.07916385801105	121.5554690109049	2025-10-15 03:36:01.523	14.65464569600278
1201	388f3957-36b4-42b3-8f3c-127ed4f22425	25.07732964381374	121.5529819455678	2025-10-15 03:37:57.085	5.354833712542586
1202	388f3957-36b4-42b3-8f3c-127ed4f22425	25.0746778442692	121.5499814819671	2025-10-15 03:39:52.648	12.72785963374233
1203	388f3957-36b4-42b3-8f3c-127ed4f22425	25.07171523471897	121.5460868731221	2025-10-15 03:41:48.21	11.50049881338865
1204	388f3957-36b4-42b3-8f3c-127ed4f22425	25.06947435058038	121.543149739157	2025-10-15 03:43:43.773	13.95486578539384
1205	388f3957-36b4-42b3-8f3c-127ed4f22425	25.06700923413916	121.5404458022617	2025-10-15 03:45:39.335	12.24829561946637
1206	388f3957-36b4-42b3-8f3c-127ed4f22425	25.06531409198374	121.5376007221315	2025-10-15 03:47:34.898	8.601257034563446
1207	388f3957-36b4-42b3-8f3c-127ed4f22425	25.06266857096988	121.5339914150605	2025-10-15 03:49:30.46	13.68734291354873
1208	388f3957-36b4-42b3-8f3c-127ed4f22425	25.05979161794057	121.5315264431297	2025-10-15 03:51:26.023	14.2588153203289
1209	388f3957-36b4-42b3-8f3c-127ed4f22425	25.0580111880765	121.5286155619872	2025-10-15 03:53:21.585	9.546618572295781
1210	388f3957-36b4-42b3-8f3c-127ed4f22425	25.05546826692425	121.5247428608574	2025-10-15 03:55:17.148	7.465485885658003
1211	388f3957-36b4-42b3-8f3c-127ed4f22425	25.05267472528438	121.521594012871	2025-10-15 03:57:12.71	5.703406471067596
1212	388f3957-36b4-42b3-8f3c-127ed4f22425	25.05110357221057	121.5194206134913	2025-10-15 03:59:08.273	12.10340833186666
1213	388f3957-36b4-42b3-8f3c-127ed4f22425	25.05544234012554	121.5185111030062	2025-10-15 04:01:03.835	9.959012446738074
1214	388f3957-36b4-42b3-8f3c-127ed4f22425	25.06133563175095	121.5187648410022	2025-10-15 04:02:59.398	12.69510743843804
1215	388f3957-36b4-42b3-8f3c-127ed4f22425	25.06640548552102	121.5177361336458	2025-10-15 04:04:54.96	10.99852368854905
1216	388f3957-36b4-42b3-8f3c-127ed4f22425	25.07138237860047	121.5176689602906	2025-10-15 04:06:50.523	12.42359415147515
1217	388f3957-36b4-42b3-8f3c-127ed4f22425	25.07611589789773	121.5172672795008	2025-10-15 04:08:46.085	7.628065243739314
1218	388f3957-36b4-42b3-8f3c-127ed4f22425	25.08078861494223	121.517243086121	2025-10-15 04:10:41.648	7.461715298180742
1219	388f3957-36b4-42b3-8f3c-127ed4f22425	25.08657725138863	121.5168358585878	2025-10-15 04:12:37.21	9.839471464555324
1220	388f3957-36b4-42b3-8f3c-127ed4f22425	25.09105588034247	121.5168211143453	2025-10-15 04:14:32.773	7.387884790464891
1221	388f3957-36b4-42b3-8f3c-127ed4f22425	25.09651393611997	121.5162575544838	2025-10-15 04:16:28.335	5.745612982883408
1222	388f3957-36b4-42b3-8f3c-127ed4f22425	25.10118495329533	121.5158045310351	2025-10-15 04:18:23.898	7.370696534685017
1223	388f3957-36b4-42b3-8f3c-127ed4f22425	25.1065492372238	121.5156838303824	2025-10-15 04:20:19.46	11.01828600151392
1224	388f3957-36b4-42b3-8f3c-127ed4f22425	25.11110224670189	121.515995282645	2025-10-15 04:22:15.023	6.100465987715462
1225	388f3957-36b4-42b3-8f3c-127ed4f22425	25.11671647023831	121.5154718865339	2025-10-15 04:24:10.585	12.70653237566173
1226	388f3957-36b4-42b3-8f3c-127ed4f22425	25.12172181333864	121.5151209339375	2025-10-15 04:26:06.148	11.06989200157345
1227	388f3957-36b4-42b3-8f3c-127ed4f22425	25.12696799745139	121.5146890509771	2025-10-15 04:28:01.71	13.4448949183567
1228	388f3957-36b4-42b3-8f3c-127ed4f22425	25.13162881739044	121.5144850945036	2025-10-15 04:29:57.273	8.858840882807854
1229	8ee84db6-9fba-4c5e-9fb5-6b3a21825885	25.08599566360563	121.5524122515627	2025-10-25 03:49:55.398	8.348730452886368
1230	8ee84db6-9fba-4c5e-9fb5-6b3a21825885	25.0805972279307	121.5537696902152	2025-10-25 03:52:41.187	14.318921196227
1231	8ee84db6-9fba-4c5e-9fb5-6b3a21825885	25.07559941752611	121.5549976179202	2025-10-25 03:55:26.976	5.168875797986415
1232	8ee84db6-9fba-4c5e-9fb5-6b3a21825885	25.07082196321682	121.5571527090797	2025-10-25 03:58:12.766	10.24437726999997
1233	8ee84db6-9fba-4c5e-9fb5-6b3a21825885	25.0651067054795	121.5589351043116	2025-10-25 04:00:58.555	7.676143155919599
1234	8ee84db6-9fba-4c5e-9fb5-6b3a21825885	25.06083557408103	121.5596082029849	2025-10-25 04:03:44.345	7.940316965804975
1235	8ee84db6-9fba-4c5e-9fb5-6b3a21825885	25.05512006736912	121.5611260595909	2025-10-25 04:06:30.134	14.40885016206508
1236	8ee84db6-9fba-4c5e-9fb5-6b3a21825885	25.05011978282333	121.562793062001	2025-10-25 04:09:15.924	11.40479329030748
1237	8ee84db6-9fba-4c5e-9fb5-6b3a21825885	25.04501589877257	121.565070295131	2025-10-25 04:12:01.713	7.611783974845443
1238	8ee84db6-9fba-4c5e-9fb5-6b3a21825885	25.03958941437703	121.5663627429879	2025-10-25 04:14:47.503	9.760292280008464
1239	8ee84db6-9fba-4c5e-9fb5-6b3a21825885	25.03729541534503	121.5654483444	2025-10-25 04:17:33.292	14.245107077027
1240	8ee84db6-9fba-4c5e-9fb5-6b3a21825885	25.0364345415212	121.5615643230383	2025-10-25 04:20:19.082	7.814061711216413
1241	8ee84db6-9fba-4c5e-9fb5-6b3a21825885	25.03522958703899	121.5569511671585	2025-10-25 04:23:04.871	9.050924782599942
1242	8ee84db6-9fba-4c5e-9fb5-6b3a21825885	25.03510163075414	121.5533803451659	2025-10-25 04:25:50.661	14.44569051937909
1243	8ee84db6-9fba-4c5e-9fb5-6b3a21825885	25.03367911473044	121.5496256850531	2025-10-25 04:28:36.45	11.98334136355158
1244	8ee84db6-9fba-4c5e-9fb5-6b3a21825885	25.0338648408795	121.5450808259047	2025-10-25 04:31:22.24	10.06401559280449
1245	8ee84db6-9fba-4c5e-9fb5-6b3a21825885	25.0325815198892	121.5411492893019	2025-10-25 04:34:08.029	10.44181289084586
1246	8ee84db6-9fba-4c5e-9fb5-6b3a21825885	25.03257878833721	121.5373214661048	2025-10-25 04:36:53.819	10.53857573386676
1247	8ee84db6-9fba-4c5e-9fb5-6b3a21825885	25.03131873910736	121.5335105995631	2025-10-25 04:39:39.608	11.06469934268753
1248	8ee84db6-9fba-4c5e-9fb5-6b3a21825885	25.0306727234831	121.5293428483067	2025-10-25 04:42:25.398	7.771561701694878
1249	8b325fe7-8db2-4522-8836-804f072db934	25.08287072955228	121.6033018404047	2025-10-26 09:10:42.616	10.72102176416834
1250	8b325fe7-8db2-4522-8836-804f072db934	25.08288802800062	121.6019850801446	2025-10-26 09:11:53.68	10.81730589026015
1251	8b325fe7-8db2-4522-8836-804f072db934	25.08236444625979	121.5998847615723	2025-10-26 09:13:04.745	11.71088956870021
1252	8b325fe7-8db2-4522-8836-804f072db934	25.08273581098404	121.5981842156765	2025-10-26 09:14:15.809	12.95968878965327
1253	8b325fe7-8db2-4522-8836-804f072db934	25.08267218841578	121.5969196829071	2025-10-26 09:15:26.874	6.103519064592557
1254	8b325fe7-8db2-4522-8836-804f072db934	25.08304090301725	121.5953918638591	2025-10-26 09:16:37.938	13.68030579013186
1255	8b325fe7-8db2-4522-8836-804f072db934	25.08363937158674	121.5929745423202	2025-10-26 09:17:49.003	8.326797029677602
1256	8b325fe7-8db2-4522-8836-804f072db934	25.08336009929397	121.5915557934703	2025-10-26 09:19:00.067	8.850544340177219
1257	8b325fe7-8db2-4522-8836-804f072db934	25.08364301937486	121.5902372129031	2025-10-26 09:20:11.132	14.28212512843888
1258	8b325fe7-8db2-4522-8836-804f072db934	25.08374293887272	121.5880691427867	2025-10-26 09:21:22.196	5.616932618680894
1259	8b325fe7-8db2-4522-8836-804f072db934	25.08382456883176	121.5865494607468	2025-10-26 09:22:33.261	8.76100839944073
1260	8b325fe7-8db2-4522-8836-804f072db934	25.08347232143213	121.5853051685688	2025-10-26 09:23:44.325	6.171544202791419
1261	8b325fe7-8db2-4522-8836-804f072db934	25.084232054085	121.5830164152297	2025-10-26 09:24:55.39	13.1398308529541
1262	8b325fe7-8db2-4522-8836-804f072db934	25.08386424493708	121.5816246573351	2025-10-26 09:26:06.454	8.855702242632816
1263	8b325fe7-8db2-4522-8836-804f072db934	25.08442851490048	121.5800034126472	2025-10-26 09:27:17.519	9.240904974201493
1264	8b325fe7-8db2-4522-8836-804f072db934	25.08407379604675	121.5790557473636	2025-10-26 09:28:28.583	6.710361898782356
1265	8b325fe7-8db2-4522-8836-804f072db934	25.08384470672377	121.5772928478198	2025-10-26 09:29:39.648	14.58596844568978
1266	8b325fe7-8db2-4522-8836-804f072db934	25.08493333991477	121.5751949761639	2025-10-26 09:30:50.712	9.836014423391042
1267	8b325fe7-8db2-4522-8836-804f072db934	25.08492765983943	121.5739221380076	2025-10-26 09:32:01.777	13.02086693811034
1268	8b325fe7-8db2-4522-8836-804f072db934	25.08450360624287	121.5724738195939	2025-10-26 09:33:12.841	13.97327575841161
1269	8b325fe7-8db2-4522-8836-804f072db934	25.08520261229273	121.5706366092996	2025-10-26 09:34:23.906	5.045395107795518
1270	8b325fe7-8db2-4522-8836-804f072db934	25.08495871812354	121.5683990737582	2025-10-26 09:35:34.97	7.589058745370689
1271	8b325fe7-8db2-4522-8836-804f072db934	25.08466460938866	121.5668012951225	2025-10-26 09:36:46.035	6.741070988895776
1272	8b325fe7-8db2-4522-8836-804f072db934	25.08540296390827	121.5656168025978	2025-10-26 09:37:57.099	7.835979623813243
1273	8b325fe7-8db2-4522-8836-804f072db934	25.08491339842339	121.5640557388297	2025-10-26 09:39:08.164	6.794180579204674
1274	8b325fe7-8db2-4522-8836-804f072db934	25.08498969667196	121.5622040186732	2025-10-26 09:40:19.228	14.09479293558916
1275	8b325fe7-8db2-4522-8836-804f072db934	25.0850924345252	121.5602345502111	2025-10-26 09:41:30.293	10.09949395485755
1276	8b325fe7-8db2-4522-8836-804f072db934	25.0857603020501	121.5590997173718	2025-10-26 09:42:41.357	5.060434385292845
1277	8b325fe7-8db2-4522-8836-804f072db934	25.08571529783985	121.5574693575214	2025-10-26 09:43:52.422	9.280978818899738
1278	8b325fe7-8db2-4522-8836-804f072db934	25.08580284635778	121.5553050329077	2025-10-26 09:45:03.486	9.667545273572722
1279	8b325fe7-8db2-4522-8836-804f072db934	25.0859182729588	121.5540238333522	2025-10-26 09:46:14.551	8.100378943971709
1280	8b325fe7-8db2-4522-8836-804f072db934	25.08611559683376	121.5521989573955	2025-10-26 09:47:25.616	14.24780977249404
1281	70822a62-cc41-4fee-8b10-835ecfa09955	25.16901720519919	121.4440489281512	2025-11-07 04:22:43.414	12.09474722980899
1282	70822a62-cc41-4fee-8b10-835ecfa09955	25.16392840025045	121.4485627265832	2025-11-07 04:24:28.08	14.95295802065715
1283	70822a62-cc41-4fee-8b10-835ecfa09955	25.15843255350442	121.4535542143946	2025-11-07 04:26:12.747	11.71145026159802
1284	70822a62-cc41-4fee-8b10-835ecfa09955	25.15283511964246	121.457853569227	2025-11-07 04:27:57.414	11.93538126920502
1285	70822a62-cc41-4fee-8b10-835ecfa09955	25.14714621903653	121.4627783278399	2025-11-07 04:29:42.08	8.315995821323327
1286	70822a62-cc41-4fee-8b10-835ecfa09955	25.14131372367481	121.4669482338431	2025-11-07 04:31:26.747	14.27810391710132
1287	70822a62-cc41-4fee-8b10-835ecfa09955	25.13648819570628	121.4718894835345	2025-11-07 04:33:11.414	8.84508786859486
1288	70822a62-cc41-4fee-8b10-835ecfa09955	25.13130557698812	121.4763093666425	2025-11-07 04:34:56.08	13.98961354738935
1289	70822a62-cc41-4fee-8b10-835ecfa09955	25.12497540078966	121.480990220888	2025-11-07 04:36:40.747	11.28901869003158
1290	70822a62-cc41-4fee-8b10-835ecfa09955	25.12026123609742	121.4857397966473	2025-11-07 04:38:25.414	12.21869083133736
1291	70822a62-cc41-4fee-8b10-835ecfa09955	25.11441560681142	121.4900810875543	2025-11-07 04:40:10.08	11.15750140582231
1292	70822a62-cc41-4fee-8b10-835ecfa09955	25.10948049297459	121.4951035600299	2025-11-07 04:41:54.747	8.872710898200616
1293	70822a62-cc41-4fee-8b10-835ecfa09955	25.10349346661995	121.4992995839059	2025-11-07 04:43:39.414	9.056165551048107
1294	70822a62-cc41-4fee-8b10-835ecfa09955	25.09815294475098	121.5036561147865	2025-11-07 04:45:24.08	10.2973662168775
1295	70822a62-cc41-4fee-8b10-835ecfa09955	25.09284719552663	121.5088055569145	2025-11-07 04:47:08.747	8.433901107223672
1296	70822a62-cc41-4fee-8b10-835ecfa09955	25.08697785886497	121.5132062233839	2025-11-07 04:48:53.414	13.33302197279918
1297	70822a62-cc41-4fee-8b10-835ecfa09955	25.08140379456237	121.5179871123012	2025-11-07 04:50:38.08	14.79037481390085
1298	70822a62-cc41-4fee-8b10-835ecfa09955	25.07657328793685	121.5221632249322	2025-11-07 04:52:22.747	5.604592411448559
1299	70822a62-cc41-4fee-8b10-835ecfa09955	25.0707682854367	121.5269692188887	2025-11-07 04:54:07.414	6.953603685775807
1300	70822a62-cc41-4fee-8b10-835ecfa09955	25.06560554469162	121.5318273014924	2025-11-07 04:55:52.08	14.94491187022501
1301	70822a62-cc41-4fee-8b10-835ecfa09955	25.06174830672527	121.5341869301406	2025-11-07 04:57:36.747	6.578602716420625
1302	70822a62-cc41-4fee-8b10-835ecfa09955	25.06020746697718	121.5337552867704	2025-11-07 04:59:21.414	8.691056551486263
1303	70822a62-cc41-4fee-8b10-835ecfa09955	25.05837608092085	121.5332787400903	2025-11-07 05:01:06.08	7.100166515656472
1304	70822a62-cc41-4fee-8b10-835ecfa09955	25.0575769083557	121.5329560345437	2025-11-07 05:02:50.747	11.244514255856
1305	70822a62-cc41-4fee-8b10-835ecfa09955	25.05579798677839	121.5331369818812	2025-11-07 05:04:35.414	11.18084138809618
1306	70822a62-cc41-4fee-8b10-835ecfa09955	25.05411622507951	121.5324311601116	2025-11-07 05:06:20.08	11.8127514858505
1307	70822a62-cc41-4fee-8b10-835ecfa09955	25.05181750615386	121.5321941966034	2025-11-07 05:08:04.747	7.398997974776769
1308	70822a62-cc41-4fee-8b10-835ecfa09955	25.05020702792372	121.5325423657268	2025-11-07 05:09:49.414	5.56436416002537
1309	70822a62-cc41-4fee-8b10-835ecfa09955	25.04922889872536	121.5321780322038	2025-11-07 05:11:34.08	7.487047092629926
1310	70822a62-cc41-4fee-8b10-835ecfa09955	25.04705234281209	121.5313836875679	2025-11-07 05:13:18.747	12.4491856204705
1311	70822a62-cc41-4fee-8b10-835ecfa09955	25.04585344799732	121.5312254350081	2025-11-07 05:15:03.414	12.56038927465742
1312	70822a62-cc41-4fee-8b10-835ecfa09955	25.0440202729215	121.5314992590896	2025-11-07 05:16:48.08	11.25439107818609
1313	70822a62-cc41-4fee-8b10-835ecfa09955	25.04263523266722	121.5309308538909	2025-11-07 05:18:32.747	7.896860569297277
1314	70822a62-cc41-4fee-8b10-835ecfa09955	25.04014770257487	121.5309651488494	2025-11-07 05:20:17.414	5.20575714888875
1315	70822a62-cc41-4fee-8b10-835ecfa09955	25.0394251941753	121.5308759280444	2025-11-07 05:22:02.08	11.54455249963018
1316	70822a62-cc41-4fee-8b10-835ecfa09955	25.03738567191728	121.52997900216	2025-11-07 05:23:46.747	8.786311089723117
1317	70822a62-cc41-4fee-8b10-835ecfa09955	25.03570880300506	121.5305754279412	2025-11-07 05:25:31.414	5.461426463872979
1318	70822a62-cc41-4fee-8b10-835ecfa09955	25.03422311027613	121.529492937139	2025-11-07 05:27:16.08	8.402295004723523
1319	70822a62-cc41-4fee-8b10-835ecfa09955	25.03266621275107	121.5296616365436	2025-11-07 05:29:00.747	8.240658650935922
1320	70822a62-cc41-4fee-8b10-835ecfa09955	25.03069782405082	121.5296219959269	2025-11-07 05:30:45.414	6.538369455459712
1321	123d94da-4947-4668-81d5-b9523ca8f154	25.15820957551982	121.5391571983782	2025-11-03 09:14:25.627	12.91795436228432
1322	123d94da-4947-4668-81d5-b9523ca8f154	25.15596243684549	121.5364209846106	2025-11-03 09:16:24.599	9.546095036309179
1323	123d94da-4947-4668-81d5-b9523ca8f154	25.15440382389473	121.532959748729	2025-11-03 09:18:23.572	13.76452695209981
1324	123d94da-4947-4668-81d5-b9523ca8f154	25.15140592213214	121.5302540875417	2025-11-03 09:20:22.545	13.03389154610495
1325	123d94da-4947-4668-81d5-b9523ca8f154	25.14968223290785	121.5272360248552	2025-11-03 09:22:21.518	5.724978296118
1326	123d94da-4947-4668-81d5-b9523ca8f154	25.14751323814486	121.5239722612557	2025-11-03 09:24:20.491	7.068925614528441
1327	123d94da-4947-4668-81d5-b9523ca8f154	25.14488837261371	121.5215213777559	2025-11-03 09:26:19.464	12.83701182936019
1328	123d94da-4947-4668-81d5-b9523ca8f154	25.14337238517594	121.5187087631229	2025-11-03 09:28:18.437	7.374125001857705
1329	123d94da-4947-4668-81d5-b9523ca8f154	25.14049616775104	121.5158830852375	2025-11-03 09:30:17.41	13.2871476366999
1330	123d94da-4947-4668-81d5-b9523ca8f154	25.13828159782256	121.5124569797398	2025-11-03 09:32:16.383	9.750094972804469
1331	123d94da-4947-4668-81d5-b9523ca8f154	25.13457921344973	121.5132794600022	2025-11-03 09:34:15.356	8.429126097712613
1332	123d94da-4947-4668-81d5-b9523ca8f154	25.13042943956778	121.5146933237897	2025-11-03 09:36:14.329	9.47250620964275
1333	123d94da-4947-4668-81d5-b9523ca8f154	25.12569485043195	121.5153484687664	2025-11-03 09:38:13.302	9.884211402983647
1334	123d94da-4947-4668-81d5-b9523ca8f154	25.12134653739776	121.5167799044476	2025-11-03 09:40:12.275	6.957054163221259
1335	123d94da-4947-4668-81d5-b9523ca8f154	25.11690050159974	121.5181171106562	2025-11-03 09:42:11.248	6.142938335439226
1336	123d94da-4947-4668-81d5-b9523ca8f154	25.11243640148475	121.5195393105828	2025-11-03 09:44:10.221	13.44574508201914
1337	123d94da-4947-4668-81d5-b9523ca8f154	25.10838257155285	121.5209530150067	2025-11-03 09:46:09.194	12.74025691793578
1338	123d94da-4947-4668-81d5-b9523ca8f154	25.10414954546524	121.5219169215506	2025-11-03 09:48:08.167	10.78596531306401
1339	123d94da-4947-4668-81d5-b9523ca8f154	25.09965054592877	121.5233380055061	2025-11-03 09:50:07.14	8.65794984897801
1340	123d94da-4947-4668-81d5-b9523ca8f154	25.09320712625814	121.5244523334652	2025-11-03 09:52:06.113	5.337266187548337
1341	123d94da-4947-4668-81d5-b9523ca8f154	25.08483974672374	121.5259009871396	2025-11-03 09:54:05.086	8.097877377748521
1342	123d94da-4947-4668-81d5-b9523ca8f154	25.07662886098321	121.5271523324929	2025-11-03 09:56:04.059	5.1063450090628
1343	123d94da-4947-4668-81d5-b9523ca8f154	25.06876816376674	121.5284616752734	2025-11-03 09:58:03.032	10.7776668996792
1344	123d94da-4947-4668-81d5-b9523ca8f154	25.06020070007934	121.5298974143079	2025-11-03 10:00:02.005	8.663415507504189
1345	123d94da-4947-4668-81d5-b9523ca8f154	25.05236172870509	121.5303209506058	2025-11-03 10:02:00.978	5.719974412465929
1346	123d94da-4947-4668-81d5-b9523ca8f154	25.04459662756826	121.5320901831987	2025-11-03 10:03:59.951	6.547722186009994
1347	123d94da-4947-4668-81d5-b9523ca8f154	25.03570563269242	121.5327954404207	2025-11-03 10:05:58.924	6.463578089747628
1348	123d94da-4947-4668-81d5-b9523ca8f154	25.02750266254257	121.5340781629436	2025-11-03 10:07:57.897	8.027092500463244
1349	123d94da-4947-4668-81d5-b9523ca8f154	25.02288165217399	121.5350621283805	2025-11-03 10:09:56.87	7.638739160710941
1350	123d94da-4947-4668-81d5-b9523ca8f154	25.02951050278019	121.5342313439997	2025-11-03 10:11:55.843	10.21448247958951
1351	123d94da-4947-4668-81d5-b9523ca8f154	25.03569203833399	121.5332157422363	2025-11-03 10:13:54.816	13.79907775040657
1352	123d94da-4947-4668-81d5-b9523ca8f154	25.04172569889867	121.5313686582737	2025-11-03 10:15:53.789	10.34801123131
1353	123d94da-4947-4668-81d5-b9523ca8f154	25.04797938135604	121.5310414979446	2025-11-03 10:17:52.762	8.088962969386442
1354	123d94da-4947-4668-81d5-b9523ca8f154	25.05437130320012	121.529068121032	2025-11-03 10:19:51.735	14.94187655307583
1355	123d94da-4947-4668-81d5-b9523ca8f154	25.06083105129762	121.5285389103067	2025-11-03 10:21:50.708	6.852351504034202
1356	123d94da-4947-4668-81d5-b9523ca8f154	25.06715135224508	121.5270753284018	2025-11-03 10:23:49.681	11.19347386907437
1357	123d94da-4947-4668-81d5-b9523ca8f154	25.07356643158655	121.5266891754259	2025-11-03 10:25:48.654	6.909302490121294
1358	123d94da-4947-4668-81d5-b9523ca8f154	25.07915065834716	121.5249798245729	2025-11-03 10:27:47.627	14.04703568727663
1359	e2d18493-dac0-4e44-89f1-60d7c16e24a6	25.08757045868272	121.6228433179918	2025-10-17 08:25:15.19	7.04685027538082
1360	e2d18493-dac0-4e44-89f1-60d7c16e24a6	25.08740378190446	121.618808745577	2025-10-17 08:27:29.016	14.11679700467042
1361	e2d18493-dac0-4e44-89f1-60d7c16e24a6	25.08699489031458	121.614649626577	2025-10-17 08:29:42.842	12.59727265083416
1362	e2d18493-dac0-4e44-89f1-60d7c16e24a6	25.08791723468027	121.6104361790198	2025-10-17 08:31:56.668	7.327162310895677
1363	e2d18493-dac0-4e44-89f1-60d7c16e24a6	25.08727845103841	121.6056905903247	2025-10-17 08:34:10.494	7.572572818840371
1364	e2d18493-dac0-4e44-89f1-60d7c16e24a6	25.08721423827269	121.6019128492553	2025-10-17 08:36:24.32	5.629285313617107
1365	e2d18493-dac0-4e44-89f1-60d7c16e24a6	25.08790040882424	121.5975540384793	2025-10-17 08:38:38.146	8.488758994266156
1366	e2d18493-dac0-4e44-89f1-60d7c16e24a6	25.0881017379923	121.5926998583986	2025-10-17 08:40:51.972	14.67912233799737
1367	e2d18493-dac0-4e44-89f1-60d7c16e24a6	25.08795500744364	121.5886391509901	2025-10-17 08:43:05.798	9.313763799423715
1368	e2d18493-dac0-4e44-89f1-60d7c16e24a6	25.08807320474151	121.5842030138488	2025-10-17 08:45:19.624	11.85754781271965
1369	e2d18493-dac0-4e44-89f1-60d7c16e24a6	25.08778436614624	121.5800251104374	2025-10-17 08:47:33.45	5.267233777019069
1370	e2d18493-dac0-4e44-89f1-60d7c16e24a6	25.08756177065686	121.575736463831	2025-10-17 08:49:47.276	12.07015765348395
1371	e2d18493-dac0-4e44-89f1-60d7c16e24a6	25.08770278839345	121.5716014543191	2025-10-17 08:52:01.103	13.98765686403209
1372	e2d18493-dac0-4e44-89f1-60d7c16e24a6	25.08844131306697	121.566704734653	2025-10-17 08:54:14.929	12.53602652096514
1373	e2d18493-dac0-4e44-89f1-60d7c16e24a6	25.08801782203372	121.5631587626432	2025-10-17 08:56:28.755	5.044340755431169
1374	e2d18493-dac0-4e44-89f1-60d7c16e24a6	25.08788550956379	121.558465505198	2025-10-17 08:58:42.581	10.98475519793315
1375	e2d18493-dac0-4e44-89f1-60d7c16e24a6	25.08862418723354	121.5541096219064	2025-10-17 09:00:56.407	14.4388905438031
1376	e2d18493-dac0-4e44-89f1-60d7c16e24a6	25.08819390103258	121.5499643971437	2025-10-17 09:03:10.233	13.06062714916031
1377	e2d18493-dac0-4e44-89f1-60d7c16e24a6	25.08846197073019	121.5453846953255	2025-10-17 09:05:24.059	6.837194814383691
1378	e2d18493-dac0-4e44-89f1-60d7c16e24a6	25.08822904068026	121.541715900217	2025-10-17 09:07:37.885	11.06649081226785
1379	e2d18493-dac0-4e44-89f1-60d7c16e24a6	25.08784503422563	121.5374580605281	2025-10-17 09:09:51.711	14.52216409297175
1380	e2d18493-dac0-4e44-89f1-60d7c16e24a6	25.08830153272007	121.5331589483581	2025-10-17 09:12:05.537	5.16868093383934
1381	e2d18493-dac0-4e44-89f1-60d7c16e24a6	25.08824606682425	121.5285688427612	2025-10-17 09:14:19.363	11.21883122291687
1382	e2d18493-dac0-4e44-89f1-60d7c16e24a6	25.08880895819003	121.5243954777837	2025-10-17 09:16:33.19	7.153750003338299
1383	126dbd87-f2a1-422d-86ba-88e1a6128a38	25.02164496976017	121.5348950815043	2025-11-08 13:30:10.831	5.387475761752103
1384	126dbd87-f2a1-422d-86ba-88e1a6128a38	25.02915608849176	121.5353328074153	2025-11-08 13:30:58.531	14.928453973354
1385	126dbd87-f2a1-422d-86ba-88e1a6128a38	25.03741558730285	121.5363168071698	2025-11-08 13:31:46.231	10.08006062429128
1386	126dbd87-f2a1-422d-86ba-88e1a6128a38	25.0453129914316	121.5370477618836	2025-11-08 13:32:33.931	9.231896617775652
1387	126dbd87-f2a1-422d-86ba-88e1a6128a38	25.05258328188949	121.537756793051	2025-11-08 13:33:21.631	14.71962586487722
1388	126dbd87-f2a1-422d-86ba-88e1a6128a38	25.0604553768818	121.537799420766	2025-11-08 13:34:09.331	5.202502827659103
1389	126dbd87-f2a1-422d-86ba-88e1a6128a38	25.06804423412983	121.5382859740225	2025-11-08 13:34:57.031	8.287946115262324
1390	126dbd87-f2a1-422d-86ba-88e1a6128a38	25.07558799954323	121.5392958278959	2025-11-08 13:35:44.731	8.904806634741114
1391	126dbd87-f2a1-422d-86ba-88e1a6128a38	25.08362261910348	121.5403517861023	2025-11-08 13:36:32.431	13.45853727409518
1392	126dbd87-f2a1-422d-86ba-88e1a6128a38	25.09105936016047	121.5401183261015	2025-11-08 13:37:20.131	13.69356738714764
1393	126dbd87-f2a1-422d-86ba-88e1a6128a38	25.09904609639845	121.5413174913141	2025-11-08 13:38:07.831	10.79984247348833
1394	126dbd87-f2a1-422d-86ba-88e1a6128a38	25.10670954207683	121.5413525883573	2025-11-08 13:38:55.531	9.273674490955116
1395	126dbd87-f2a1-422d-86ba-88e1a6128a38	25.11497999779924	121.5419758039288	2025-11-08 13:39:43.231	5.999517425985294
1396	126dbd87-f2a1-422d-86ba-88e1a6128a38	25.12231463993998	121.5432449882451	2025-11-08 13:40:30.931	7.37107700885216
1397	126dbd87-f2a1-422d-86ba-88e1a6128a38	25.13039577305657	121.5432685579098	2025-11-08 13:41:18.631	9.08049770956463
1398	126dbd87-f2a1-422d-86ba-88e1a6128a38	25.13797784605902	121.5442006353521	2025-11-08 13:42:06.331	7.762070078551773
1399	126dbd87-f2a1-422d-86ba-88e1a6128a38	25.14566087283781	121.5448233969268	2025-11-08 13:42:54.031	14.85191835350493
1400	126dbd87-f2a1-422d-86ba-88e1a6128a38	25.15306072816228	121.5451338363312	2025-11-08 13:43:41.731	13.34759889500292
1401	126dbd87-f2a1-422d-86ba-88e1a6128a38	25.16162807393588	121.5456964077891	2025-11-08 13:44:29.431	14.92509754004755
1402	126dbd87-f2a1-422d-86ba-88e1a6128a38	25.16881229771792	121.5467125176542	2025-11-08 13:45:17.131	14.01667977323813
1403	126dbd87-f2a1-422d-86ba-88e1a6128a38	25.17652146378595	121.5470586910806	2025-11-08 13:46:04.831	5.326947153884493
1404	126dbd87-f2a1-422d-86ba-88e1a6128a38	25.17452941467877	121.5453978914796	2025-11-08 13:46:52.531	8.999212564622564
1405	126dbd87-f2a1-422d-86ba-88e1a6128a38	25.17248131997859	121.5439605127282	2025-11-08 13:47:40.231	5.34998279344971
1406	126dbd87-f2a1-422d-86ba-88e1a6128a38	25.17096231520089	121.5417168796257	2025-11-08 13:48:27.931	9.632254308122175
1407	126dbd87-f2a1-422d-86ba-88e1a6128a38	25.16897359524013	121.5405230994784	2025-11-08 13:49:15.631	13.03411920661286
1408	126dbd87-f2a1-422d-86ba-88e1a6128a38	25.16657414045315	121.538071996826	2025-11-08 13:50:03.331	12.3892889965703
1409	126dbd87-f2a1-422d-86ba-88e1a6128a38	25.1646683911903	121.5361469668479	2025-11-08 13:50:51.031	13.09059493969884
1410	126dbd87-f2a1-422d-86ba-88e1a6128a38	25.16338520225311	121.5343543386471	2025-11-08 13:51:38.731	6.499110427005997
1411	126dbd87-f2a1-422d-86ba-88e1a6128a38	25.1615675425798	121.5331869352472	2025-11-08 13:52:26.431	10.7533417213712
1412	126dbd87-f2a1-422d-86ba-88e1a6128a38	25.15878508464251	121.531625583847	2025-11-08 13:53:14.131	8.211414349731058
1413	126dbd87-f2a1-422d-86ba-88e1a6128a38	25.15699605424718	121.5297545914807	2025-11-08 13:54:01.831	12.05835492274987
1414	126dbd87-f2a1-422d-86ba-88e1a6128a38	25.1557489594559	121.527395924463	2025-11-08 13:54:49.531	10.51190411867424
1415	126dbd87-f2a1-422d-86ba-88e1a6128a38	25.1532689502726	121.5255299710874	2025-11-08 13:55:37.231	8.33612683102545
1416	126dbd87-f2a1-422d-86ba-88e1a6128a38	25.15128945019556	121.524667958255	2025-11-08 13:56:24.931	9.446507500195324
1417	126dbd87-f2a1-422d-86ba-88e1a6128a38	25.14961931944762	121.5221569755148	2025-11-08 13:57:12.631	12.06298362530815
1418	126dbd87-f2a1-422d-86ba-88e1a6128a38	25.14738908392523	121.5206074075641	2025-11-08 13:58:00.331	12.55210506841428
1419	126dbd87-f2a1-422d-86ba-88e1a6128a38	25.14612618587134	121.5194054518121	2025-11-08 13:58:48.031	5.953581463437052
1420	126dbd87-f2a1-422d-86ba-88e1a6128a38	25.14363648233484	121.5168886818928	2025-11-08 13:59:35.731	5.804810829517885
1421	126dbd87-f2a1-422d-86ba-88e1a6128a38	25.14132853068757	121.5156574727963	2025-11-08 14:00:23.431	11.29957445156631
1422	126dbd87-f2a1-422d-86ba-88e1a6128a38	25.13956359357322	121.5139836552209	2025-11-08 14:01:11.131	12.853152919778
1423	126dbd87-f2a1-422d-86ba-88e1a6128a38	25.13770091842069	121.5122129573344	2025-11-08 14:01:58.831	9.853062486230149
1424	598f8028-4d1f-432b-8a6d-1945323920a3	25.02264546604746	121.5054450285008	2025-10-14 18:34:42.154	6.972464992157612
1425	598f8028-4d1f-432b-8a6d-1945323920a3	25.01828351031087	121.5130732995095	2025-10-14 18:35:57.494	5.180639235419429
1426	598f8028-4d1f-432b-8a6d-1945323920a3	25.01355356763671	121.5210391799944	2025-10-14 18:37:12.834	14.63275027357672
1427	598f8028-4d1f-432b-8a6d-1945323920a3	25.0093677702779	121.52864783958	2025-10-14 18:38:28.175	9.732046326261006
1428	598f8028-4d1f-432b-8a6d-1945323920a3	25.00442659526822	121.5368615815699	2025-10-14 18:39:43.515	9.045191898802582
1429	598f8028-4d1f-432b-8a6d-1945323920a3	25.00000004036182	121.5450838834221	2025-10-14 18:40:58.856	5.562367385313252
1430	598f8028-4d1f-432b-8a6d-1945323920a3	24.99603057256885	121.5530455962808	2025-10-14 18:42:14.196	7.942381038173341
1431	598f8028-4d1f-432b-8a6d-1945323920a3	24.99174579772914	121.5600803377561	2025-10-14 18:43:29.536	8.124242430029922
1432	598f8028-4d1f-432b-8a6d-1945323920a3	24.98668990920575	121.5682780676151	2025-10-14 18:44:44.877	11.18838971116269
1433	598f8028-4d1f-432b-8a6d-1945323920a3	24.98185196402078	121.5758525584879	2025-10-14 18:46:00.217	8.273596084241643
1434	598f8028-4d1f-432b-8a6d-1945323920a3	24.97792610352123	121.5840207549683	2025-10-14 18:47:15.558	6.846216868931525
1435	598f8028-4d1f-432b-8a6d-1945323920a3	24.97321254334812	121.5918430657312	2025-10-14 18:48:30.898	13.77320196512329
1436	598f8028-4d1f-432b-8a6d-1945323920a3	24.97085357001141	121.5964160072581	2025-10-14 18:49:46.239	9.480307523623335
1437	598f8028-4d1f-432b-8a6d-1945323920a3	24.97533885937242	121.5915085989521	2025-10-14 18:51:01.579	14.73481975834479
1438	598f8028-4d1f-432b-8a6d-1945323920a3	24.97953823847497	121.5862965667645	2025-10-14 18:52:16.919	8.182251386125321
1439	598f8028-4d1f-432b-8a6d-1945323920a3	24.98462895306321	121.5803740591914	2025-10-14 18:53:32.26	5.23138360740016
1440	598f8028-4d1f-432b-8a6d-1945323920a3	24.9886313119619	121.5756377188346	2025-10-14 18:54:47.6	6.98522369257393
1441	598f8028-4d1f-432b-8a6d-1945323920a3	24.99312255185727	121.5694997288767	2025-10-14 18:56:02.941	11.5850509900221
1442	598f8028-4d1f-432b-8a6d-1945323920a3	24.99747363323221	121.5646832112591	2025-10-14 18:57:18.281	5.335180967318916
1443	598f8028-4d1f-432b-8a6d-1945323920a3	25.00173098344792	121.5591316585494	2025-10-14 18:58:33.622	12.72613028377922
1444	598f8028-4d1f-432b-8a6d-1945323920a3	25.00656944912837	121.5541624171292	2025-10-14 18:59:48.962	11.20852656827942
1445	598f8028-4d1f-432b-8a6d-1945323920a3	25.01068374887072	121.5484315625657	2025-10-14 19:01:04.302	5.615395234696436
1446	598f8028-4d1f-432b-8a6d-1945323920a3	25.01537992005728	121.5430193707366	2025-10-14 19:02:19.643	8.868912263073344
1447	598f8028-4d1f-432b-8a6d-1945323920a3	25.01898631073609	121.5376650274721	2025-10-14 19:03:34.983	6.487359142235949
1448	598f8028-4d1f-432b-8a6d-1945323920a3	25.02430647690417	121.534456597026	2025-10-14 19:04:50.324	9.677975764177349
1449	598f8028-4d1f-432b-8a6d-1945323920a3	25.02977347677811	121.5337124625902	2025-10-14 19:06:05.664	14.5069688807992
1450	598f8028-4d1f-432b-8a6d-1945323920a3	25.03558062453244	121.53325475951	2025-10-14 19:07:21.005	6.131686998847734
1451	598f8028-4d1f-432b-8a6d-1945323920a3	25.04121388489628	121.532024580379	2025-10-14 19:08:36.345	11.5686239792903
1452	598f8028-4d1f-432b-8a6d-1945323920a3	25.04726982946222	121.5313361935181	2025-10-14 19:09:51.685	7.541693339063171
1453	598f8028-4d1f-432b-8a6d-1945323920a3	25.05277446386031	121.5296107761641	2025-10-14 19:11:07.026	14.97152168145565
1454	598f8028-4d1f-432b-8a6d-1945323920a3	25.05878265058536	121.5289867318699	2025-10-14 19:12:22.366	10.5870193182918
1455	598f8028-4d1f-432b-8a6d-1945323920a3	25.06455936237567	121.5280458378021	2025-10-14 19:13:37.707	11.30189816673728
1456	598f8028-4d1f-432b-8a6d-1945323920a3	25.07041607081977	121.5269366180111	2025-10-14 19:14:53.047	7.13523023635595
1457	598f8028-4d1f-432b-8a6d-1945323920a3	25.07618932941611	121.5261379047636	2025-10-14 19:16:08.388	9.430232888637368
1458	598f8028-4d1f-432b-8a6d-1945323920a3	25.08119421629079	121.5253900800327	2025-10-14 19:17:23.728	9.788320453492256
1459	598f8028-4d1f-432b-8a6d-1945323920a3	25.08738300774045	121.5248144477908	2025-10-14 19:18:39.068	6.174846201086979
1460	598f8028-4d1f-432b-8a6d-1945323920a3	25.08366543877258	121.5252198319534	2025-10-14 19:19:54.409	8.778269047638098
1461	598f8028-4d1f-432b-8a6d-1945323920a3	25.07801577537427	121.5265174638788	2025-10-14 19:21:09.749	6.061773812516476
1462	598f8028-4d1f-432b-8a6d-1945323920a3	25.07191193391169	121.5276408065702	2025-10-14 19:22:25.09	5.781137259018577
1463	598f8028-4d1f-432b-8a6d-1945323920a3	25.06618341654042	121.5281126301973	2025-10-14 19:23:40.43	13.29316904128581
1464	598f8028-4d1f-432b-8a6d-1945323920a3	25.0600524807715	121.5293280145339	2025-10-14 19:24:55.771	12.9871468107132
1465	598f8028-4d1f-432b-8a6d-1945323920a3	25.05380222974635	121.5302014406304	2025-10-14 19:26:11.111	12.13310989886387
1466	598f8028-4d1f-432b-8a6d-1945323920a3	25.04791800088608	121.5317471827271	2025-10-14 19:27:26.451	14.36154937989214
1467	598f8028-4d1f-432b-8a6d-1945323920a3	25.04100174633447	121.5323059689095	2025-10-14 19:28:41.792	7.124659404336078
1468	598f8028-4d1f-432b-8a6d-1945323920a3	25.03571061676628	121.5339167346919	2025-10-14 19:29:57.132	6.33335489291065
1469	598f8028-4d1f-432b-8a6d-1945323920a3	25.02906826677654	121.5348608706939	2025-10-14 19:31:12.473	11.98966178632038
1470	598f8028-4d1f-432b-8a6d-1945323920a3	25.02327075907701	121.5358505906747	2025-10-14 19:32:27.813	12.01493337466241
1471	598f8028-4d1f-432b-8a6d-1945323920a3	25.01714967719416	121.5371228324615	2025-10-14 19:33:43.154	10.79267407325404
1472	f6fb31c5-1ff6-45c0-9ab9-64463c08ab5f	25.04045833610597	121.5121114327377	2025-10-12 04:02:48.816	7.6855255292738
1473	f6fb31c5-1ff6-45c0-9ab9-64463c08ab5f	25.0450181620341	121.5234471098814	2025-10-12 04:04:44.291	12.00103231916822
1474	f6fb31c5-1ff6-45c0-9ab9-64463c08ab5f	25.04956615896078	121.5340318170714	2025-10-12 04:06:39.766	11.82015100385165
1475	f6fb31c5-1ff6-45c0-9ab9-64463c08ab5f	25.05376636665752	121.5448808765087	2025-10-12 04:08:35.241	8.767840089121028
1476	f6fb31c5-1ff6-45c0-9ab9-64463c08ab5f	25.05921107386643	121.5562080274162	2025-10-12 04:10:30.716	6.937175540154124
1477	f6fb31c5-1ff6-45c0-9ab9-64463c08ab5f	25.0636573263454	121.5671929149783	2025-10-12 04:12:26.191	14.48738485284259
1478	f6fb31c5-1ff6-45c0-9ab9-64463c08ab5f	25.06886116424395	121.5788216952696	2025-10-12 04:14:21.666	14.44161042369527
1479	f6fb31c5-1ff6-45c0-9ab9-64463c08ab5f	25.07302726114876	121.5891874241444	2025-10-12 04:16:17.141	14.58192528641073
1480	f6fb31c5-1ff6-45c0-9ab9-64463c08ab5f	25.07735768943819	121.6009715069304	2025-10-12 04:18:12.616	14.28238778605321
1481	f6fb31c5-1ff6-45c0-9ab9-64463c08ab5f	25.08270634150164	121.6121722024428	2025-10-12 04:20:08.091	6.474755298498572
1482	f6fb31c5-1ff6-45c0-9ab9-64463c08ab5f	25.08685615633925	121.6232489910634	2025-10-12 04:22:03.566	10.83463245230173
1483	f6fb31c5-1ff6-45c0-9ab9-64463c08ab5f	25.07549886726214	121.6198675162078	2025-10-12 04:23:59.041	8.897221213404938
1484	f6fb31c5-1ff6-45c0-9ab9-64463c08ab5f	25.0641540884064	121.6176962269749	2025-10-12 04:25:54.516	7.677281829489147
1485	f6fb31c5-1ff6-45c0-9ab9-64463c08ab5f	25.05160766581358	121.6156250774447	2025-10-12 04:27:49.991	6.282739533577915
1486	f6fb31c5-1ff6-45c0-9ab9-64463c08ab5f	25.03998907420301	121.6125746914241	2025-10-12 04:29:45.466	14.01161543863897
1487	f6fb31c5-1ff6-45c0-9ab9-64463c08ab5f	25.0284249363393	121.6100893468219	2025-10-12 04:31:40.941	7.502620349334272
1488	f6fb31c5-1ff6-45c0-9ab9-64463c08ab5f	25.01668470423449	121.6076013489556	2025-10-12 04:33:36.416	5.769411685399595
1489	f6fb31c5-1ff6-45c0-9ab9-64463c08ab5f	25.00456718792794	121.6049511402089	2025-10-12 04:35:31.891	13.37137433830306
1490	f6fb31c5-1ff6-45c0-9ab9-64463c08ab5f	24.99335815787785	121.6027144680298	2025-10-12 04:37:27.366	7.667267986980812
1491	f6fb31c5-1ff6-45c0-9ab9-64463c08ab5f	24.98202581746094	121.600315909357	2025-10-12 04:39:22.841	9.01857961953101
1492	f6fb31c5-1ff6-45c0-9ab9-64463c08ab5f	24.97001196071957	121.5976707894053	2025-10-12 04:41:18.316	14.61758616072798
1493	f6fb31c5-1ff6-45c0-9ab9-64463c08ab5f	24.98638700147976	121.5893174164354	2025-10-12 04:43:13.791	14.76050403550272
1494	f6fb31c5-1ff6-45c0-9ab9-64463c08ab5f	25.00311649521196	121.5807957179789	2025-10-12 04:45:09.266	6.121860391955307
1495	f6fb31c5-1ff6-45c0-9ab9-64463c08ab5f	25.02055537776562	121.5719118904526	2025-10-12 04:47:04.741	8.654711079838142
1496	f6fb31c5-1ff6-45c0-9ab9-64463c08ab5f	25.0365834076047	121.5637989026884	2025-10-12 04:49:00.216	9.208746808379185
1497	f6fb31c5-1ff6-45c0-9ab9-64463c08ab5f	25.05425382598059	121.5544525017268	2025-10-12 04:50:55.691	13.40222738257295
1498	f6fb31c5-1ff6-45c0-9ab9-64463c08ab5f	25.07068584040157	121.5462377826272	2025-10-12 04:52:51.166	9.011740211012661
1499	f6fb31c5-1ff6-45c0-9ab9-64463c08ab5f	25.08737147535032	121.5377359674738	2025-10-12 04:54:46.641	9.255214375623538
1500	f6fb31c5-1ff6-45c0-9ab9-64463c08ab5f	25.10467099109632	121.5294730627047	2025-10-12 04:56:42.116	9.864020916332468
1501	f6fb31c5-1ff6-45c0-9ab9-64463c08ab5f	25.12137741711586	121.5208003562242	2025-10-12 04:58:37.591	9.877856257705664
1502	f6fb31c5-1ff6-45c0-9ab9-64463c08ab5f	25.13788215188586	121.5114648142277	2025-10-12 05:00:33.066	12.38171199378444
1503	f6fb31c5-1ff6-45c0-9ab9-64463c08ab5f	25.12783418661811	121.5129125716781	2025-10-12 05:02:28.541	11.66791165738188
1504	f6fb31c5-1ff6-45c0-9ab9-64463c08ab5f	25.11693516798038	121.5137702607754	2025-10-12 05:04:24.016	5.326960925646304
1505	f6fb31c5-1ff6-45c0-9ab9-64463c08ab5f	25.10678526474465	121.5143774536084	2025-10-12 05:06:19.491	10.30488742792526
1506	f6fb31c5-1ff6-45c0-9ab9-64463c08ab5f	25.09715285886608	121.5148681598967	2025-10-12 05:08:14.966	5.604309521398321
1507	f6fb31c5-1ff6-45c0-9ab9-64463c08ab5f	25.08689026725004	121.5163598615594	2025-10-12 05:10:10.441	9.709144954377177
1508	f6fb31c5-1ff6-45c0-9ab9-64463c08ab5f	25.07622408071257	121.5163786489393	2025-10-12 05:12:05.916	8.73642101850235
1509	f6fb31c5-1ff6-45c0-9ab9-64463c08ab5f	25.06660477078693	121.5174571203548	2025-10-12 05:14:01.391	13.96872075421704
1510	f6fb31c5-1ff6-45c0-9ab9-64463c08ab5f	25.05578296163131	121.5181507755727	2025-10-12 05:15:56.866	12.15015513356686
1511	f6fb31c5-1ff6-45c0-9ab9-64463c08ab5f	25.04556069350529	121.519290445131	2025-10-12 05:17:52.341	11.46799159942182
1512	f6fb31c5-1ff6-45c0-9ab9-64463c08ab5f	25.03533385511712	121.5203915584877	2025-10-12 05:19:47.816	6.614410620946726
1513	4d11f4ab-6db2-44d1-a4c2-88a4eda2671b	25.16194395407851	121.4289770068966	2025-10-11 04:53:30.481	14.51308492631254
1514	4d11f4ab-6db2-44d1-a4c2-88a4eda2671b	25.15607773530552	121.4320059104961	2025-10-11 04:56:18.654	7.514075327533654
1515	4d11f4ab-6db2-44d1-a4c2-88a4eda2671b	25.15136741836661	121.4351703850416	2025-10-11 04:59:06.828	8.70834212284677
1516	4d11f4ab-6db2-44d1-a4c2-88a4eda2671b	25.1456312523352	121.4379846433114	2025-10-11 05:01:55.002	7.074386608326162
1517	4d11f4ab-6db2-44d1-a4c2-88a4eda2671b	25.14013517948883	121.4413839998038	2025-10-11 05:04:43.176	11.61455912289473
1518	4d11f4ab-6db2-44d1-a4c2-88a4eda2671b	25.13473666981227	121.4445273869747	2025-10-11 05:07:31.35	6.763659488886644
1519	4d11f4ab-6db2-44d1-a4c2-88a4eda2671b	25.12949157051961	121.4471507932719	2025-10-11 05:10:19.524	11.19278150262513
1520	4d11f4ab-6db2-44d1-a4c2-88a4eda2671b	25.12456016447429	121.4501690604246	2025-10-11 05:13:07.698	12.82545956738557
1521	4d11f4ab-6db2-44d1-a4c2-88a4eda2671b	25.11908356771075	121.4533536152876	2025-10-11 05:15:55.872	9.811625802908281
1522	4d11f4ab-6db2-44d1-a4c2-88a4eda2671b	25.11395000365534	121.456199069398	2025-10-11 05:18:44.046	6.100139270066793
1523	4d11f4ab-6db2-44d1-a4c2-88a4eda2671b	25.108338390673	121.4592814187343	2025-10-11 05:21:32.22	13.19777376999004
1524	4d11f4ab-6db2-44d1-a4c2-88a4eda2671b	25.10297960358403	121.462300987707	2025-10-11 05:24:20.394	12.49547766278387
1525	4d11f4ab-6db2-44d1-a4c2-88a4eda2671b	25.09742581435392	121.4655999366723	2025-10-11 05:27:08.567	8.746535305826074
1526	4d11f4ab-6db2-44d1-a4c2-88a4eda2671b	25.09242953607537	121.4688000623854	2025-10-11 05:29:56.741	7.136932652617228
1527	4d11f4ab-6db2-44d1-a4c2-88a4eda2671b	25.0864658793317	121.4718609444599	2025-10-11 05:32:44.915	13.73079904649889
1528	4d11f4ab-6db2-44d1-a4c2-88a4eda2671b	25.08185342318916	121.4746901091027	2025-10-11 05:35:33.089	10.59813821144615
1529	4d11f4ab-6db2-44d1-a4c2-88a4eda2671b	25.075783902266	121.477600986018	2025-10-11 05:38:21.263	14.15989207404305
1530	4d11f4ab-6db2-44d1-a4c2-88a4eda2671b	25.07111435981329	121.4806746814419	2025-10-11 05:41:09.437	12.53820053918225
1531	4d11f4ab-6db2-44d1-a4c2-88a4eda2671b	25.06584454601915	121.4831365427542	2025-10-11 05:43:57.611	12.17722827156047
1532	4d11f4ab-6db2-44d1-a4c2-88a4eda2671b	25.05950630195867	121.4863077529315	2025-10-11 05:46:45.785	11.00094912968316
1533	4d11f4ab-6db2-44d1-a4c2-88a4eda2671b	25.05465620484206	121.4893172753601	2025-10-11 05:49:33.959	7.772192517397878
1534	4d11f4ab-6db2-44d1-a4c2-88a4eda2671b	25.04888536113534	121.4928045234788	2025-10-11 05:52:22.133	8.390240238166529
1535	4d11f4ab-6db2-44d1-a4c2-88a4eda2671b	25.04420254234581	121.4953463024667	2025-10-11 05:55:10.307	12.97335672157098
1536	4d11f4ab-6db2-44d1-a4c2-88a4eda2671b	25.0387217347262	121.4986337622154	2025-10-11 05:57:58.481	14.00281046488784
1537	4ab33f6f-0168-405a-ae25-f545c74c483a	25.13753849170559	121.5119107383366	2025-10-11 21:58:52.448	5.211420840737444
1538	4ab33f6f-0168-405a-ae25-f545c74c483a	25.1333284267462	121.5020540236284	2025-10-11 22:01:47.869	6.748244605706068
1539	4ab33f6f-0168-405a-ae25-f545c74c483a	25.12986013109524	121.4920652005574	2025-10-11 22:04:43.29	14.11692834958392
1540	4ab33f6f-0168-405a-ae25-f545c74c483a	25.12479721946765	121.4814319271153	2025-10-11 22:07:38.711	11.45284160882993
1541	4ab33f6f-0168-405a-ae25-f545c74c483a	25.12078151679934	121.4718424843069	2025-10-11 22:10:34.132	11.57076247282186
1542	4ab33f6f-0168-405a-ae25-f545c74c483a	25.11350145613562	121.4659536858689	2025-10-11 22:13:29.553	5.842880584291564
1543	4ab33f6f-0168-405a-ae25-f545c74c483a	25.09818810269274	121.4749225697314	2025-10-11 22:16:24.974	14.91245816721734
1544	4ab33f6f-0168-405a-ae25-f545c74c483a	25.08339846330299	121.4839003257578	2025-10-11 22:19:20.395	10.24976988514895
1545	4ab33f6f-0168-405a-ae25-f545c74c483a	25.06748639278803	121.4927513662951	2025-10-11 22:22:15.816	12.68099765672765
1546	4ab33f6f-0168-405a-ae25-f545c74c483a	25.05214882354269	121.5019647474314	2025-10-11 22:25:11.237	7.793404565016862
1547	4ab33f6f-0168-405a-ae25-f545c74c483a	25.04415453413134	121.5059859864012	2025-10-11 22:28:06.658	5.206552280995358
1548	4ab33f6f-0168-405a-ae25-f545c74c483a	25.04359820677403	121.5043694145529	2025-10-11 22:31:02.079	7.291542810485132
1549	4ab33f6f-0168-405a-ae25-f545c74c483a	25.04236296639463	121.502583921118	2025-10-11 22:33:57.5	9.723414832540803
1550	4ab33f6f-0168-405a-ae25-f545c74c483a	25.04141884835121	121.5011821974674	2025-10-11 22:36:52.921	10.97000569586156
1551	4ab33f6f-0168-405a-ae25-f545c74c483a	25.03978449094875	121.4997615524957	2025-10-11 22:39:48.342	11.94741595647943
1552	4ab33f6f-0168-405a-ae25-f545c74c483a	25.04036930728115	121.5026212537114	2025-10-11 22:42:43.763	11.49034700139209
1553	4ab33f6f-0168-405a-ae25-f545c74c483a	25.04052028215686	121.5062650641416	2025-10-11 22:45:39.184	13.9168428797416
1554	4ab33f6f-0168-405a-ae25-f545c74c483a	25.04047734488453	121.509322719475	2025-10-11 22:48:34.605	5.399927768831116
1555	4ab33f6f-0168-405a-ae25-f545c74c483a	25.04032713673866	121.5129657189975	2025-10-11 22:51:30.026	7.640153921282158
1556	4ab33f6f-0168-405a-ae25-f545c74c483a	25.04043050414151	121.5168789411423	2025-10-11 22:54:25.448	6.835921152820572
1557	9441978a-86e4-4e16-8f71-972a8db89aaa	25.08706755961627	121.6230524052792	2025-10-30 07:47:13.764	10.41213922412219
1558	9441978a-86e4-4e16-8f71-972a8db89aaa	25.09198065866407	121.6093591670808	2025-10-30 07:48:30.764	8.97579557674093
1559	9441978a-86e4-4e16-8f71-972a8db89aaa	25.0975089863201	121.595838812097	2025-10-30 07:49:47.764	14.97214761935557
1560	9441978a-86e4-4e16-8f71-972a8db89aaa	25.1025150932044	121.5824313378455	2025-10-30 07:51:04.764	8.762958160717158
1561	9441978a-86e4-4e16-8f71-972a8db89aaa	25.10820991572676	121.5696103071003	2025-10-30 07:52:21.764	9.539867921213512
1562	9441978a-86e4-4e16-8f71-972a8db89aaa	25.11256350047966	121.5555896850329	2025-10-30 07:53:38.764	12.49412135005849
1563	9441978a-86e4-4e16-8f71-972a8db89aaa	25.11786822564065	121.5429934088795	2025-10-30 07:54:55.764	5.496572885635905
1564	9441978a-86e4-4e16-8f71-972a8db89aaa	25.12319089544189	121.5296566631156	2025-10-30 07:56:12.764	9.499758246981923
1565	9441978a-86e4-4e16-8f71-972a8db89aaa	25.12882869462848	121.5162710157971	2025-10-30 07:57:29.764	6.887535406049556
1566	9441978a-86e4-4e16-8f71-972a8db89aaa	25.13322936017919	121.5026486387702	2025-10-30 07:58:46.764	14.00632004888712
1567	9441978a-86e4-4e16-8f71-972a8db89aaa	25.1388982029941	121.4893536046016	2025-10-30 08:00:03.764	7.267039322309731
1568	9441978a-86e4-4e16-8f71-972a8db89aaa	25.14324343824463	121.4759604891823	2025-10-30 08:01:20.764	8.62005130655324
1569	9441978a-86e4-4e16-8f71-972a8db89aaa	25.14849588847845	121.4631001405481	2025-10-30 08:02:37.764	11.79127629191402
1570	9441978a-86e4-4e16-8f71-972a8db89aaa	25.15446377651921	121.4495404343021	2025-10-30 08:03:54.764	10.03300757563367
1571	9441978a-86e4-4e16-8f71-972a8db89aaa	25.15945341270088	121.4362405006237	2025-10-30 08:05:11.764	10.19249626072629
1572	9441978a-86e4-4e16-8f71-972a8db89aaa	25.15693429843191	121.439628818127	2025-10-30 08:06:28.764	7.727451875545055
1573	9441978a-86e4-4e16-8f71-972a8db89aaa	25.14702001758307	121.4594086640518	2025-10-30 08:07:45.764	12.78057684065797
1574	9441978a-86e4-4e16-8f71-972a8db89aaa	25.13740060745505	121.4805019660476	2025-10-30 08:09:02.764	5.553814112619964
1575	9441978a-86e4-4e16-8f71-972a8db89aaa	25.12846816784911	121.5002613069019	2025-10-30 08:10:19.764	13.90440942426831
1576	9441978a-86e4-4e16-8f71-972a8db89aaa	25.11853757621394	121.5206225635532	2025-10-30 08:11:36.764	14.36860234522084
1577	9441978a-86e4-4e16-8f71-972a8db89aaa	25.10981345310284	121.5411265188441	2025-10-30 08:12:53.764	9.934804666520256
1578	9441978a-86e4-4e16-8f71-972a8db89aaa	25.09992775131905	121.5613610722639	2025-10-30 08:14:10.764	7.212628152780704
1579	9441978a-86e4-4e16-8f71-972a8db89aaa	25.09056367637672	121.5810388221857	2025-10-30 08:15:27.764	11.66896706664815
1580	9441978a-86e4-4e16-8f71-972a8db89aaa	25.08129092163263	121.6017859782899	2025-10-30 08:16:44.764	10.33140456968846
1581	9441978a-86e4-4e16-8f71-972a8db89aaa	25.07096446557704	121.6216965924684	2025-10-30 08:18:01.764	5.413568092472603
1582	9441978a-86e4-4e16-8f71-972a8db89aaa	25.06188460914119	121.6419874563565	2025-10-30 08:19:18.764	8.609216173693003
1583	9441978a-86e4-4e16-8f71-972a8db89aaa	25.05220218026752	121.662438187739	2025-10-30 08:20:35.764	8.467073995443844
1584	9441978a-86e4-4e16-8f71-972a8db89aaa	25.04309521686875	121.6826815135001	2025-10-30 08:21:52.764	10.83871616374273
1585	9441978a-86e4-4e16-8f71-972a8db89aaa	25.03309552001516	121.7028218844681	2025-10-30 08:23:09.764	13.87468778335748
1586	9441978a-86e4-4e16-8f71-972a8db89aaa	25.02409316453607	121.723166671507	2025-10-30 08:24:26.764	11.41574777434366
1587	538e8519-a1f2-4347-8cd6-2c06b1da0d96	25.03963492939765	121.4997942472594	2025-10-16 06:55:13.346	9.566196899305972
1588	538e8519-a1f2-4347-8cd6-2c06b1da0d96	25.04004475494325	121.5041504484607	2025-10-16 06:57:50.533	12.21400891950875
1589	538e8519-a1f2-4347-8cd6-2c06b1da0d96	25.04087730377835	121.5086012038644	2025-10-16 07:00:27.721	13.59281336673033
1590	538e8519-a1f2-4347-8cd6-2c06b1da0d96	25.04094913939146	121.5127545709702	2025-10-16 07:03:04.908	14.57140898305898
1591	538e8519-a1f2-4347-8cd6-2c06b1da0d96	25.04125236515461	121.516864288862	2025-10-16 07:05:42.096	7.908932857036231
1592	538e8519-a1f2-4347-8cd6-2c06b1da0d96	25.04141530455132	121.5218375755293	2025-10-16 07:08:19.283	8.116560023274884
1593	538e8519-a1f2-4347-8cd6-2c06b1da0d96	25.04133003404724	121.5262825521177	2025-10-16 07:10:56.471	11.30299343235329
1594	538e8519-a1f2-4347-8cd6-2c06b1da0d96	25.04203324451642	121.5297529322335	2025-10-16 07:13:33.658	5.065127248143089
1595	538e8519-a1f2-4347-8cd6-2c06b1da0d96	25.04244793118628	121.5343253794195	2025-10-16 07:16:10.846	8.950563311828732
1596	538e8519-a1f2-4347-8cd6-2c06b1da0d96	25.04231649601957	121.5392497587201	2025-10-16 07:18:48.033	9.6904232574927
1597	538e8519-a1f2-4347-8cd6-2c06b1da0d96	25.04302933030178	121.543775140468	2025-10-16 07:21:25.221	6.740857625846958
1598	538e8519-a1f2-4347-8cd6-2c06b1da0d96	25.0460474296676	121.5426005731421	2025-10-16 07:24:02.408	8.113368963588687
1599	538e8519-a1f2-4347-8cd6-2c06b1da0d96	25.05769503969493	121.5312089658169	2025-10-16 07:26:39.596	10.72088968047807
1600	538e8519-a1f2-4347-8cd6-2c06b1da0d96	25.06847879725483	121.5202263763401	2025-10-16 07:29:16.783	8.278676735726037
1601	538e8519-a1f2-4347-8cd6-2c06b1da0d96	25.07964945789727	121.5098923848491	2025-10-16 07:31:53.971	8.170237233165125
1602	538e8519-a1f2-4347-8cd6-2c06b1da0d96	25.09101365446865	121.4982903647754	2025-10-16 07:34:31.158	14.17749597839149
1603	538e8519-a1f2-4347-8cd6-2c06b1da0d96	25.10240153069893	121.4882446230614	2025-10-16 07:37:08.346	9.801746854319358
1604	538e8519-a1f2-4347-8cd6-2c06b1da0d96	25.11343701520917	121.4769869200967	2025-10-16 07:39:45.533	12.51383896210758
1605	538e8519-a1f2-4347-8cd6-2c06b1da0d96	25.12486867411039	121.4661288941655	2025-10-16 07:42:22.721	8.772036184990062
1606	538e8519-a1f2-4347-8cd6-2c06b1da0d96	25.13528099113177	121.4545004580381	2025-10-16 07:44:59.908	7.207728910434192
1607	538e8519-a1f2-4347-8cd6-2c06b1da0d96	25.14720297535595	121.4437563600117	2025-10-16 07:47:37.096	8.722820189090086
1608	538e8519-a1f2-4347-8cd6-2c06b1da0d96	25.15795632494917	121.4328306562946	2025-10-16 07:50:14.283	6.640746349550655
1609	538e8519-a1f2-4347-8cd6-2c06b1da0d96	25.15381981411988	121.4377074733955	2025-10-16 07:52:51.471	5.161946000482605
1610	538e8519-a1f2-4347-8cd6-2c06b1da0d96	25.14270680539668	121.4505604153352	2025-10-16 07:55:28.658	7.416727019713349
1611	538e8519-a1f2-4347-8cd6-2c06b1da0d96	25.1307491394544	121.4638246546737	2025-10-16 07:58:05.846	8.814179060061619
1612	538e8519-a1f2-4347-8cd6-2c06b1da0d96	25.11894844944435	121.4771036808096	2025-10-16 08:00:43.033	7.762894833752236
1613	538e8519-a1f2-4347-8cd6-2c06b1da0d96	25.10743054055293	121.4896698664224	2025-10-16 08:03:20.221	13.95448082030136
1614	538e8519-a1f2-4347-8cd6-2c06b1da0d96	25.09540942474456	121.5027154697056	2025-10-16 08:05:57.408	12.02955026921484
1615	538e8519-a1f2-4347-8cd6-2c06b1da0d96	25.08349067660829	121.5152167842681	2025-10-16 08:08:34.596	6.14178342662604
1616	538e8519-a1f2-4347-8cd6-2c06b1da0d96	25.07250786394382	121.5285506209487	2025-10-16 08:11:11.783	12.16732109110381
1617	538e8519-a1f2-4347-8cd6-2c06b1da0d96	25.06035093735514	121.5415018824641	2025-10-16 08:13:48.971	5.737904952867254
1618	538e8519-a1f2-4347-8cd6-2c06b1da0d96	25.04862596766935	121.5539254462034	2025-10-16 08:16:26.158	5.112203844965157
1619	538e8519-a1f2-4347-8cd6-2c06b1da0d96	25.03703695382403	121.5668078689526	2025-10-16 08:19:03.346	5.825201325652147
1620	95c579cd-66bb-41fa-b4e8-31fd419616a2	25.04239410237602	121.5461611694819	2025-10-11 08:25:20.481	6.564476943210218
1621	95c579cd-66bb-41fa-b4e8-31fd419616a2	25.03496597818757	121.5516018451813	2025-10-11 08:26:18.931	5.137347751063094
1622	95c579cd-66bb-41fa-b4e8-31fd419616a2	25.02814592404202	121.556186377699	2025-10-11 08:27:17.381	10.33764609326711
1623	95c579cd-66bb-41fa-b4e8-31fd419616a2	25.02082553156291	121.5617249693304	2025-10-11 08:28:15.831	14.63813775722783
1624	95c579cd-66bb-41fa-b4e8-31fd419616a2	25.01313082691273	121.5667230267274	2025-10-11 08:29:14.281	7.025160148260055
1625	95c579cd-66bb-41fa-b4e8-31fd419616a2	25.006120809634	121.5719772398009	2025-10-11 08:30:12.731	6.289040806403872
1626	95c579cd-66bb-41fa-b4e8-31fd419616a2	24.99902653880102	121.5771321408937	2025-10-11 08:31:11.181	6.307478940107901
1627	95c579cd-66bb-41fa-b4e8-31fd419616a2	24.99152477779604	121.5826091190861	2025-10-11 08:32:09.631	12.06254285340846
1628	95c579cd-66bb-41fa-b4e8-31fd419616a2	24.98456526590912	121.587466492412	2025-10-11 08:33:08.081	5.900920402656031
1629	95c579cd-66bb-41fa-b4e8-31fd419616a2	24.97706314453909	121.5926927917902	2025-10-11 08:34:06.531	10.4255432298031
1630	95c579cd-66bb-41fa-b4e8-31fd419616a2	24.96957872221824	121.5982280157664	2025-10-11 08:35:04.981	12.23532339342359
1631	95c579cd-66bb-41fa-b4e8-31fd419616a2	24.97734312320446	121.6152647552773	2025-10-11 08:36:03.431	10.16413838342413
1632	95c579cd-66bb-41fa-b4e8-31fd419616a2	24.98389391830297	121.6335009124981	2025-10-11 08:37:01.881	10.10432702187194
1633	95c579cd-66bb-41fa-b4e8-31fd419616a2	24.99148921532118	121.6515168431222	2025-10-11 08:38:00.331	13.73313660982214
1634	95c579cd-66bb-41fa-b4e8-31fd419616a2	24.99879122558871	121.6692599573725	2025-10-11 08:38:58.781	6.030131727384196
1635	95c579cd-66bb-41fa-b4e8-31fd419616a2	25.00608980986367	121.6868927414375	2025-10-11 08:39:57.231	11.39093742879024
1636	95c579cd-66bb-41fa-b4e8-31fd419616a2	25.01386551813457	121.7056212712668	2025-10-11 08:40:55.681	14.59311348583197
1637	95c579cd-66bb-41fa-b4e8-31fd419616a2	25.02044005267392	121.7232124491952	2025-10-11 08:41:54.131	11.94503813818825
1638	95c579cd-66bb-41fa-b4e8-31fd419616a2	25.02765944058937	121.7404888838763	2025-10-11 08:42:52.581	13.37872127583718
1639	95c579cd-66bb-41fa-b4e8-31fd419616a2	25.03494334086076	121.7589549444788	2025-10-11 08:43:51.031	12.55833563311015
1640	95c579cd-66bb-41fa-b4e8-31fd419616a2	25.04315656337172	121.7762838800639	2025-10-11 08:44:49.481	10.81072503505227
1641	95c579cd-66bb-41fa-b4e8-31fd419616a2	25.04857394181617	121.7577666295193	2025-10-11 08:45:47.931	7.029513495630115
1642	95c579cd-66bb-41fa-b4e8-31fd419616a2	25.05329065019471	121.7382434681747	2025-10-11 08:46:46.381	11.61310909443861
1643	95c579cd-66bb-41fa-b4e8-31fd419616a2	25.05955680473874	121.7192432850812	2025-10-11 08:47:44.831	7.279086055588328
1644	95c579cd-66bb-41fa-b4e8-31fd419616a2	25.06518157701964	121.7002999812614	2025-10-11 08:48:43.281	13.2592494865811
1645	95c579cd-66bb-41fa-b4e8-31fd419616a2	25.07052937330678	121.6814158159167	2025-10-11 08:49:41.731	12.25483509840151
1646	95c579cd-66bb-41fa-b4e8-31fd419616a2	25.07645977405119	121.6617082767751	2025-10-11 08:50:40.181	11.28588311069502
1647	95c579cd-66bb-41fa-b4e8-31fd419616a2	25.081278286323	121.643264568019	2025-10-11 08:51:38.631	10.73941727862129
1648	95c579cd-66bb-41fa-b4e8-31fd419616a2	25.08737941327196	121.623560988497	2025-10-11 08:52:37.081	14.76977855931762
1649	95c579cd-66bb-41fa-b4e8-31fd419616a2	25.09220677404596	121.6044991690095	2025-10-11 08:53:35.531	5.06927059738543
1650	95c579cd-66bb-41fa-b4e8-31fd419616a2	25.09809691707262	121.5856181028452	2025-10-11 08:54:33.981	11.41836337260572
1651	95c579cd-66bb-41fa-b4e8-31fd419616a2	25.09481856608694	121.5799970415098	2025-10-11 08:55:32.431	12.86080865004484
1652	95c579cd-66bb-41fa-b4e8-31fd419616a2	25.0912211181489	121.575549679046	2025-10-11 08:56:30.881	8.111390053705627
1653	95c579cd-66bb-41fa-b4e8-31fd419616a2	25.08707036831023	121.5700808134913	2025-10-11 08:57:29.331	13.35974508515328
1654	95c579cd-66bb-41fa-b4e8-31fd419616a2	25.08414343791101	121.5651256802989	2025-10-11 08:58:27.781	13.64574618899788
1655	95c579cd-66bb-41fa-b4e8-31fd419616a2	25.080193637215	121.5593508456132	2025-10-11 08:59:26.231	10.00819991643281
1656	95c579cd-66bb-41fa-b4e8-31fd419616a2	25.07732615911668	121.5549173877892	2025-10-11 09:00:24.681	12.75932184768241
1657	95c579cd-66bb-41fa-b4e8-31fd419616a2	25.07350095717693	121.5495162488507	2025-10-11 09:01:23.131	10.16122784604064
1658	95c579cd-66bb-41fa-b4e8-31fd419616a2	25.07005229178486	121.5440827631819	2025-10-11 09:02:21.581	9.435211078578993
1659	95c579cd-66bb-41fa-b4e8-31fd419616a2	25.06642074147709	121.5394501128324	2025-10-11 09:03:20.031	13.2037528999498
1660	95c579cd-66bb-41fa-b4e8-31fd419616a2	25.06242443597331	121.53402504192	2025-10-11 09:04:18.481	14.56091685730733
1661	94e43d7e-8ae4-416c-998f-07e9f016403e	25.0478256195963	121.5110531890784	2025-10-28 13:32:55.115	12.24560918826157
1662	94e43d7e-8ae4-416c-998f-07e9f016403e	25.04748952152051	121.5261463531023	2025-10-28 13:33:58.829	12.45346747094972
1663	94e43d7e-8ae4-416c-998f-07e9f016403e	25.04673006822255	121.5409539292119	2025-10-28 13:35:02.543	13.30956431091827
1664	94e43d7e-8ae4-416c-998f-07e9f016403e	25.04671912065155	121.5562501369332	2025-10-28 13:36:06.257	14.09930293668851
1665	94e43d7e-8ae4-416c-998f-07e9f016403e	25.04625000488985	121.5716073546347	2025-10-28 13:37:09.972	9.553074900894973
1666	94e43d7e-8ae4-416c-998f-07e9f016403e	25.04676844804236	121.5867746195379	2025-10-28 13:38:13.686	8.748165324659228
1667	94e43d7e-8ae4-416c-998f-07e9f016403e	25.04630074056399	121.6024069036889	2025-10-28 13:39:17.4	11.0507626182981
1668	94e43d7e-8ae4-416c-998f-07e9f016403e	25.04565271384678	121.6175978480401	2025-10-28 13:40:21.115	10.50944109527236
1669	94e43d7e-8ae4-416c-998f-07e9f016403e	25.04543712818688	121.6324830099906	2025-10-28 13:41:24.829	9.650575561088504
1670	94e43d7e-8ae4-416c-998f-07e9f016403e	25.04517343158858	121.6476212350102	2025-10-28 13:42:28.543	11.46624845301455
1671	94e43d7e-8ae4-416c-998f-07e9f016403e	25.04486743485259	121.6625610021313	2025-10-28 13:43:32.257	6.783896197398381
1672	94e43d7e-8ae4-416c-998f-07e9f016403e	25.04458900458443	121.6776472130772	2025-10-28 13:44:35.972	12.71498726145789
1673	94e43d7e-8ae4-416c-998f-07e9f016403e	25.04429612491055	121.693077229357	2025-10-28 13:45:39.686	7.135082268109338
1674	94e43d7e-8ae4-416c-998f-07e9f016403e	25.04398199534219	121.7083613618962	2025-10-28 13:46:43.4	8.12131918404192
1675	94e43d7e-8ae4-416c-998f-07e9f016403e	25.04329011778692	121.7232809512512	2025-10-28 13:47:47.115	5.367356741357954
1676	94e43d7e-8ae4-416c-998f-07e9f016403e	25.04347894791278	121.7392242409327	2025-10-28 13:48:50.829	8.256494069815567
1677	94e43d7e-8ae4-416c-998f-07e9f016403e	25.04355280106312	121.7536302105073	2025-10-28 13:49:54.543	12.50232224965431
1678	94e43d7e-8ae4-416c-998f-07e9f016403e	25.04266303135037	121.7687886962161	2025-10-28 13:50:58.257	12.99016672416301
1679	94e43d7e-8ae4-416c-998f-07e9f016403e	25.04435869528211	121.7715315269036	2025-10-28 13:52:01.972	5.025834181981644
1680	94e43d7e-8ae4-416c-998f-07e9f016403e	25.04780099964226	121.7600666790922	2025-10-28 13:53:05.686	10.03735204139104
1681	94e43d7e-8ae4-416c-998f-07e9f016403e	25.05060097172094	121.7493784280316	2025-10-28 13:54:09.4	6.898055330160036
1682	94e43d7e-8ae4-416c-998f-07e9f016403e	25.05374246416122	121.7381308005062	2025-10-28 13:55:13.115	10.28707526225775
1683	94e43d7e-8ae4-416c-998f-07e9f016403e	25.05644051057655	121.7271487356595	2025-10-28 13:56:16.829	7.528324617923197
1684	94e43d7e-8ae4-416c-998f-07e9f016403e	25.06006853285913	121.7168333446026	2025-10-28 13:57:20.543	6.267023771776323
1685	94e43d7e-8ae4-416c-998f-07e9f016403e	25.06332364627109	121.706026896636	2025-10-28 13:58:24.257	8.307391671770644
1686	94e43d7e-8ae4-416c-998f-07e9f016403e	25.06687449225575	121.694322899868	2025-10-28 13:59:27.972	13.85011814046663
1687	94e43d7e-8ae4-416c-998f-07e9f016403e	25.06946020603657	121.6841339557202	2025-10-28 14:00:31.686	5.512092729981822
1688	94e43d7e-8ae4-416c-998f-07e9f016403e	25.07229990427098	121.6731459000282	2025-10-28 14:01:35.4	6.639014353191415
1689	94e43d7e-8ae4-416c-998f-07e9f016403e	25.07594046261973	121.6614975475603	2025-10-28 14:02:39.115	13.63887988261911
1690	94e43d7e-8ae4-416c-998f-07e9f016403e	25.07947891626429	121.6509547473738	2025-10-28 14:03:42.829	6.989212711803681
1691	94e43d7e-8ae4-416c-998f-07e9f016403e	25.08208804390801	121.6404293457682	2025-10-28 14:04:46.543	8.378760803285063
1692	94e43d7e-8ae4-416c-998f-07e9f016403e	25.08517238765305	121.6292170763644	2025-10-28 14:05:50.257	12.1720613524247
1693	94e43d7e-8ae4-416c-998f-07e9f016403e	25.08893582176197	121.6186682164461	2025-10-28 14:06:53.972	6.143313848801009
1694	94e43d7e-8ae4-416c-998f-07e9f016403e	25.09173665102071	121.607625886523	2025-10-28 14:07:57.686	6.171669466630108
1695	94e43d7e-8ae4-416c-998f-07e9f016403e	25.0946753728391	121.5959434257853	2025-10-28 14:09:01.4	12.46318168981455
1696	94e43d7e-8ae4-416c-998f-07e9f016403e	25.09842971643063	121.5852716104726	2025-10-28 14:10:05.115	13.07792951805298
1697	110c384e-2033-46b1-8743-18f7f63d48a8	25.09862657002742	121.5855315237115	2025-10-15 10:44:41.108	12.23353969467292
1698	110c384e-2033-46b1-8743-18f7f63d48a8	25.09393793139716	121.5744389805731	2025-10-15 10:46:22.761	7.063498926256075
1699	110c384e-2033-46b1-8743-18f7f63d48a8	25.09054499763292	121.5637941726831	2025-10-15 10:48:04.415	14.67336779918611
1700	110c384e-2033-46b1-8743-18f7f63d48a8	25.0863718220088	121.5528870793544	2025-10-15 10:49:46.069	7.613317057236195
1701	110c384e-2033-46b1-8743-18f7f63d48a8	25.08299879332132	121.5426740079655	2025-10-15 10:51:27.723	5.855614042143111
1702	110c384e-2033-46b1-8743-18f7f63d48a8	25.07876167143687	121.5313687666251	2025-10-15 10:53:09.377	11.64794666217986
1703	110c384e-2033-46b1-8743-18f7f63d48a8	25.07536774415226	121.5206193885214	2025-10-15 10:54:51.031	7.996092681169045
1704	110c384e-2033-46b1-8743-18f7f63d48a8	25.06844444916237	121.5167055367497	2025-10-15 10:56:32.684	12.48497909326678
1705	110c384e-2033-46b1-8743-18f7f63d48a8	25.0605154845637	121.5200994060053	2025-10-15 10:58:14.338	14.62759067022828
1706	110c384e-2033-46b1-8743-18f7f63d48a8	25.05159868590495	121.5232305645793	2025-10-15 10:59:55.992	7.307337640566303
1707	110c384e-2033-46b1-8743-18f7f63d48a8	25.04259570061442	121.5268851211241	2025-10-15 11:01:37.646	14.49155706310231
1708	110c384e-2033-46b1-8743-18f7f63d48a8	25.0340498640256	121.529398064615	2025-10-15 11:03:19.3	11.78286669055802
1709	110c384e-2033-46b1-8743-18f7f63d48a8	25.02566752102113	121.5325592848312	2025-10-15 11:05:00.954	12.5412759252829
1710	110c384e-2033-46b1-8743-18f7f63d48a8	25.01710591869069	121.5360057359626	2025-10-15 11:06:42.608	11.29692962808631
1711	110c384e-2033-46b1-8743-18f7f63d48a8	25.02216030464977	121.5425671612682	2025-10-15 11:08:24.261	9.543437391057418
1712	110c384e-2033-46b1-8743-18f7f63d48a8	25.02760298000813	121.5484406255433	2025-10-15 11:10:05.915	8.202293013741484
1713	110c384e-2033-46b1-8743-18f7f63d48a8	25.0329136158689	121.5553377690007	2025-10-15 11:11:47.569	8.392856673697933
1714	110c384e-2033-46b1-8743-18f7f63d48a8	25.03819956267882	121.5610130620922	2025-10-15 11:13:29.223	6.191964930245934
1715	110c384e-2033-46b1-8743-18f7f63d48a8	25.04298404566239	121.567507738438	2025-10-15 11:15:10.877	7.435180518576825
1716	110c384e-2033-46b1-8743-18f7f63d48a8	25.04790299291578	121.574752259937	2025-10-15 11:16:52.531	8.930116337648341
1717	110c384e-2033-46b1-8743-18f7f63d48a8	25.04494111564467	121.5793310253735	2025-10-15 11:18:34.184	8.812472145725522
1718	110c384e-2033-46b1-8743-18f7f63d48a8	25.03262180494351	121.581914437099	2025-10-15 11:20:15.838	8.533292495432152
1719	110c384e-2033-46b1-8743-18f7f63d48a8	25.02013961909398	121.5855821354536	2025-10-15 11:21:57.492	5.73374225208992
1720	110c384e-2033-46b1-8743-18f7f63d48a8	25.00673432121607	121.5886156521365	2025-10-15 11:23:39.146	10.86083318673105
1721	110c384e-2033-46b1-8743-18f7f63d48a8	24.99486692956327	121.5916740376241	2025-10-15 11:25:20.8	13.98843031102468
1722	110c384e-2033-46b1-8743-18f7f63d48a8	24.98276087414402	121.5949995824832	2025-10-15 11:27:02.454	6.630414832258675
1723	110c384e-2033-46b1-8743-18f7f63d48a8	24.96930441034151	121.5974592589154	2025-10-15 11:28:44.108	5.253272160333864
1724	0e4bce25-3812-48b7-bcd4-5ccc9f83d1d7	24.96985765486998	121.598021381229	2025-10-13 02:59:59.988	14.37326892204138
1725	0e4bce25-3812-48b7-bcd4-5ccc9f83d1d7	24.9730407726951	121.5940244180544	2025-10-13 03:01:58.44	8.389551157065725
1726	0e4bce25-3812-48b7-bcd4-5ccc9f83d1d7	24.97689169650107	121.5898869375782	2025-10-13 03:03:56.892	14.66786755545171
1727	0e4bce25-3812-48b7-bcd4-5ccc9f83d1d7	24.98054168768099	121.5852840897008	2025-10-13 03:05:55.345	12.15865956743281
1728	0e4bce25-3812-48b7-bcd4-5ccc9f83d1d7	24.98468612845773	121.5815692347992	2025-10-13 03:07:53.797	12.86140438618637
1729	0e4bce25-3812-48b7-bcd4-5ccc9f83d1d7	24.98884400314766	121.5772101865217	2025-10-13 03:09:52.249	11.81245663998816
1730	0e4bce25-3812-48b7-bcd4-5ccc9f83d1d7	24.99256763119657	121.5727246923055	2025-10-13 03:11:50.702	11.69556080188534
1731	0e4bce25-3812-48b7-bcd4-5ccc9f83d1d7	24.99625667191036	121.5694171511476	2025-10-13 03:13:49.154	6.878905540194598
1732	0e4bce25-3812-48b7-bcd4-5ccc9f83d1d7	24.99995982057599	121.5644553352913	2025-10-13 03:15:47.607	7.982891285767431
1733	0e4bce25-3812-48b7-bcd4-5ccc9f83d1d7	25.00299395003998	121.5610982264148	2025-10-13 03:17:46.059	6.978673365334416
1734	0e4bce25-3812-48b7-bcd4-5ccc9f83d1d7	25.00661638203442	121.5560413153028	2025-10-13 03:19:44.511	8.205149741194717
1735	0e4bce25-3812-48b7-bcd4-5ccc9f83d1d7	25.01056782888215	121.5523545693554	2025-10-13 03:21:42.964	13.22812531847795
1736	0e4bce25-3812-48b7-bcd4-5ccc9f83d1d7	25.01453977996126	121.5484413482443	2025-10-13 03:23:41.416	8.223760485088587
1737	0e4bce25-3812-48b7-bcd4-5ccc9f83d1d7	25.01842053645481	121.5440847296915	2025-10-13 03:25:39.868	8.580323406931507
1738	0e4bce25-3812-48b7-bcd4-5ccc9f83d1d7	25.02215762280987	121.539751173437	2025-10-13 03:27:38.321	11.92530175047834
1739	0e4bce25-3812-48b7-bcd4-5ccc9f83d1d7	25.0257645281565	121.5356839786129	2025-10-13 03:29:36.773	13.62543974622911
1740	0e4bce25-3812-48b7-bcd4-5ccc9f83d1d7	25.02913933103981	121.5313074756323	2025-10-13 03:31:35.226	12.60081137973556
1741	0e4bce25-3812-48b7-bcd4-5ccc9f83d1d7	25.03267398622598	121.5272460332277	2025-10-13 03:33:33.678	8.125689353216952
1742	0e4bce25-3812-48b7-bcd4-5ccc9f83d1d7	25.03636956231488	121.5236775758098	2025-10-13 03:35:32.13	12.28602915204754
1743	0e4bce25-3812-48b7-bcd4-5ccc9f83d1d7	25.04028815321026	121.5198028615434	2025-10-13 03:37:30.583	8.335656843499194
1744	0e4bce25-3812-48b7-bcd4-5ccc9f83d1d7	25.04394741457492	121.5150396910406	2025-10-13 03:39:29.035	9.66482792148443
1745	0e4bce25-3812-48b7-bcd4-5ccc9f83d1d7	25.04799939144734	121.5106140080173	2025-10-13 03:41:27.488	13.18559818922606
1746	0e4bce25-3812-48b7-bcd4-5ccc9f83d1d7	25.04823286594617	121.5106680017878	2025-10-13 03:43:25.94	5.036681546630779
1747	0e4bce25-3812-48b7-bcd4-5ccc9f83d1d7	25.04803273263062	121.5113871993677	2025-10-13 03:45:24.392	13.84123934295255
1748	0e4bce25-3812-48b7-bcd4-5ccc9f83d1d7	25.04916373743161	121.5108988184252	2025-10-13 03:47:22.845	9.913125260243705
1749	0e4bce25-3812-48b7-bcd4-5ccc9f83d1d7	25.04892891352148	121.5108789213227	2025-10-13 03:49:21.297	8.445921638065776
1750	0e4bce25-3812-48b7-bcd4-5ccc9f83d1d7	25.04987251580139	121.5107771223484	2025-10-13 03:51:19.749	8.927485662381674
1751	0e4bce25-3812-48b7-bcd4-5ccc9f83d1d7	25.04987599562095	121.5108110883477	2025-10-13 03:53:18.202	13.2434365397071
1752	0e4bce25-3812-48b7-bcd4-5ccc9f83d1d7	25.05017018768584	121.5110076461093	2025-10-13 03:55:16.654	12.28624357531412
1753	0e4bce25-3812-48b7-bcd4-5ccc9f83d1d7	25.05039273919133	121.5103620634785	2025-10-13 03:57:15.107	11.60214755426433
1754	0e4bce25-3812-48b7-bcd4-5ccc9f83d1d7	25.05051411100861	121.510199130588	2025-10-13 03:59:13.559	14.1369282403322
1755	0e4bce25-3812-48b7-bcd4-5ccc9f83d1d7	25.05106107714321	121.5105048279244	2025-10-13 04:01:12.011	10.94276282246759
1756	0e4bce25-3812-48b7-bcd4-5ccc9f83d1d7	25.05149461439903	121.5105100020471	2025-10-13 04:03:10.464	9.360416591874198
1757	0e4bce25-3812-48b7-bcd4-5ccc9f83d1d7	25.05225469973557	121.5100724184851	2025-10-13 04:05:08.916	14.60965407932915
1758	0e4bce25-3812-48b7-bcd4-5ccc9f83d1d7	25.05213573108948	121.5105558571609	2025-10-13 04:07:07.368	6.446838229024072
1759	0e4bce25-3812-48b7-bcd4-5ccc9f83d1d7	25.05306444598162	121.5105537663986	2025-10-13 04:09:05.821	14.97420868073369
1760	0e4bce25-3812-48b7-bcd4-5ccc9f83d1d7	25.0533136202784	121.5100477853076	2025-10-13 04:11:04.273	6.990466879492779
1761	0e4bce25-3812-48b7-bcd4-5ccc9f83d1d7	25.05351452924659	121.5099614176074	2025-10-13 04:13:02.726	14.53717278106537
1762	0e4bce25-3812-48b7-bcd4-5ccc9f83d1d7	25.05327282231332	121.5106520147197	2025-10-13 04:15:01.178	8.308499725843717
1763	0e4bce25-3812-48b7-bcd4-5ccc9f83d1d7	25.05380546305341	121.5105794668998	2025-10-13 04:16:59.63	13.76915017228247
1764	0e4bce25-3812-48b7-bcd4-5ccc9f83d1d7	25.05423706680371	121.5098622609117	2025-10-13 04:18:58.083	9.839828497922813
1765	0e4bce25-3812-48b7-bcd4-5ccc9f83d1d7	25.05459650646269	121.5104594556787	2025-10-13 04:20:56.535	9.652244768909172
1766	0e4bce25-3812-48b7-bcd4-5ccc9f83d1d7	25.05483843561046	121.5101400235187	2025-10-13 04:22:54.988	12.36625351326524
1767	565e4930-95fe-4243-99b5-893b8e1be7d3	25.08914890559537	121.567775070953	2025-10-15 00:17:20.047	11.27529528253678
1768	565e4930-95fe-4243-99b5-893b8e1be7d3	25.09689289393567	121.5543366569185	2025-10-15 00:18:21.447	11.78944263474889
1769	565e4930-95fe-4243-99b5-893b8e1be7d3	25.10524147217459	121.54121806892	2025-10-15 00:19:22.847	13.03074078529788
1770	565e4930-95fe-4243-99b5-893b8e1be7d3	25.11319140547093	121.5279488368997	2025-10-15 00:20:24.247	12.02040542302387
1771	565e4930-95fe-4243-99b5-893b8e1be7d3	25.12130792312699	121.514511739907	2025-10-15 00:21:25.647	7.715755704707068
1772	565e4930-95fe-4243-99b5-893b8e1be7d3	25.12889028401587	121.5009284405783	2025-10-15 00:22:27.047	14.67008942444921
1773	565e4930-95fe-4243-99b5-893b8e1be7d3	25.13707518941461	121.4878682078299	2025-10-15 00:23:28.447	6.251241997712659
1774	565e4930-95fe-4243-99b5-893b8e1be7d3	25.14503573372421	121.4741635850385	2025-10-15 00:24:29.847	8.49839227719739
1775	565e4930-95fe-4243-99b5-893b8e1be7d3	25.15383219366157	121.4611102452115	2025-10-15 00:25:31.247	14.01621768517197
1776	565e4930-95fe-4243-99b5-893b8e1be7d3	25.16192861973521	121.4477135689704	2025-10-15 00:26:32.647	7.596559255737132
1777	565e4930-95fe-4243-99b5-893b8e1be7d3	25.16969307285544	121.4345791569523	2025-10-15 00:27:34.047	5.861481469836094
1778	565e4930-95fe-4243-99b5-893b8e1be7d3	25.17772891124794	121.4215060719294	2025-10-15 00:28:35.447	8.485414061546194
1779	565e4930-95fe-4243-99b5-893b8e1be7d3	25.18372714793383	121.4165800109827	2025-10-15 00:29:36.847	12.22111093548703
1780	565e4930-95fe-4243-99b5-893b8e1be7d3	25.18469470407502	121.4289458223256	2025-10-15 00:30:38.247	8.411325095003924
1781	565e4930-95fe-4243-99b5-893b8e1be7d3	25.18555389828953	121.4421255227299	2025-10-15 00:31:39.647	10.01705592529832
1782	565e4930-95fe-4243-99b5-893b8e1be7d3	25.18591695878636	121.4549689922269	2025-10-15 00:32:41.047	5.060759658986003
1783	565e4930-95fe-4243-99b5-893b8e1be7d3	25.18669968959577	121.4678076590799	2025-10-15 00:33:42.447	8.670251006965996
1784	565e4930-95fe-4243-99b5-893b8e1be7d3	25.18766416098655	121.4805219737467	2025-10-15 00:34:43.847	8.153888829432915
1785	565e4930-95fe-4243-99b5-893b8e1be7d3	25.18953335182431	121.4928658774077	2025-10-15 00:35:45.247	10.73858027086465
1786	565e4930-95fe-4243-99b5-893b8e1be7d3	25.18972212604673	121.5055443938557	2025-10-15 00:36:46.647	9.15061446263935
1787	565e4930-95fe-4243-99b5-893b8e1be7d3	25.19119487747555	121.5186359251382	2025-10-15 00:37:48.047	13.38362547843943
1788	565e4930-95fe-4243-99b5-893b8e1be7d3	25.19211555905608	121.5313633889121	2025-10-15 00:38:49.447	13.59373565440631
1789	565e4930-95fe-4243-99b5-893b8e1be7d3	25.19270880085896	121.5439415354127	2025-10-15 00:39:50.847	13.76923008270741
1790	565e4930-95fe-4243-99b5-893b8e1be7d3	25.19402854439587	121.5567286095582	2025-10-15 00:40:52.247	12.13556963814994
1791	565e4930-95fe-4243-99b5-893b8e1be7d3	25.19078194733254	121.5575516828102	2025-10-15 00:41:53.647	6.542861777213149
1792	565e4930-95fe-4243-99b5-893b8e1be7d3	25.18626427769673	121.5534035221675	2025-10-15 00:42:55.047	7.905553789825812
1793	565e4930-95fe-4243-99b5-893b8e1be7d3	25.18124824551936	121.5487235456101	2025-10-15 00:43:56.447	8.762853573605096
1794	565e4930-95fe-4243-99b5-893b8e1be7d3	25.17659793532652	121.5441007726323	2025-10-15 00:44:57.847	10.87100385387773
1795	565e4930-95fe-4243-99b5-893b8e1be7d3	25.17159388933858	121.5391551677417	2025-10-15 00:45:59.247	5.838885036542685
1796	565e4930-95fe-4243-99b5-893b8e1be7d3	25.16592117440405	121.5349709448401	2025-10-15 00:47:00.647	11.41562490053468
1797	565e4930-95fe-4243-99b5-893b8e1be7d3	25.16107505381705	121.529900875805	2025-10-15 00:48:02.047	8.540903482474837
1798	565e4930-95fe-4243-99b5-893b8e1be7d3	25.15604740799122	121.5250955476213	2025-10-15 00:49:03.447	8.583364977634165
1799	565e4930-95fe-4243-99b5-893b8e1be7d3	25.15188750675611	121.5205964590166	2025-10-15 00:50:04.847	9.613483655916008
1800	565e4930-95fe-4243-99b5-893b8e1be7d3	25.1464609079915	121.5163495367431	2025-10-15 00:51:06.247	11.15300822152518
1801	565e4930-95fe-4243-99b5-893b8e1be7d3	25.14192884928271	121.5121506377174	2025-10-15 00:52:07.647	14.76004831622959
1802	565e4930-95fe-4243-99b5-893b8e1be7d3	25.13677095843054	121.5069457271347	2025-10-15 00:53:09.047	6.515374029527898
1803	52ff33f3-c0e0-4abf-9654-cd4fe612cd1e	25.13630740199691	121.5071043853123	2025-10-26 07:46:37.563	7.041667089711925
1804	52ff33f3-c0e0-4abf-9654-cd4fe612cd1e	25.13396947800435	121.508222980028	2025-10-26 07:50:36.413	11.3629267118401
1805	52ff33f3-c0e0-4abf-9654-cd4fe612cd1e	25.13099322761851	121.5090854119987	2025-10-26 07:54:35.263	5.582881225096063
1806	52ff33f3-c0e0-4abf-9654-cd4fe612cd1e	25.12750064874727	121.5099482641528	2025-10-26 07:58:34.113	6.857294708765544
1807	52ff33f3-c0e0-4abf-9654-cd4fe612cd1e	25.125038226053	121.5110642892959	2025-10-26 08:02:32.963	14.01423128609573
1808	52ff33f3-c0e0-4abf-9654-cd4fe612cd1e	25.12236041919176	121.5120238733645	2025-10-26 08:06:31.813	7.682415299003917
1809	52ff33f3-c0e0-4abf-9654-cd4fe612cd1e	25.11979776121604	121.512441568149	2025-10-26 08:10:30.663	6.402502783607984
1810	52ff33f3-c0e0-4abf-9654-cd4fe612cd1e	25.11651392384963	121.5137639253359	2025-10-26 08:14:29.513	13.62960388960685
1811	52ff33f3-c0e0-4abf-9654-cd4fe612cd1e	25.11333624827231	121.5147416732582	2025-10-26 08:18:28.363	14.61132054953472
1812	52ff33f3-c0e0-4abf-9654-cd4fe612cd1e	25.11130426258772	121.5151333614511	2025-10-26 08:22:27.213	13.25060784400264
1813	52ff33f3-c0e0-4abf-9654-cd4fe612cd1e	25.10806183586595	121.5161995044112	2025-10-26 08:26:26.063	11.32401142317463
1814	52ff33f3-c0e0-4abf-9654-cd4fe612cd1e	25.10477753231172	121.516686722416	2025-10-26 08:30:24.913	12.03566259539863
1815	52ff33f3-c0e0-4abf-9654-cd4fe612cd1e	25.10202808627188	121.518445795078	2025-10-26 08:34:23.763	11.31915811818909
1816	52ff33f3-c0e0-4abf-9654-cd4fe612cd1e	25.09933227969782	121.5185437852552	2025-10-26 08:38:22.613	14.51447321953836
1817	52ff33f3-c0e0-4abf-9654-cd4fe612cd1e	25.09683372724698	121.5198534856678	2025-10-26 08:42:21.463	14.21767064952901
1818	52ff33f3-c0e0-4abf-9654-cd4fe612cd1e	25.0941595655113	121.5206442049746	2025-10-26 08:46:20.313	8.031492055850455
1819	52ff33f3-c0e0-4abf-9654-cd4fe612cd1e	25.09130485127604	121.5221173516845	2025-10-26 08:50:19.163	10.34533804320719
1820	52ff33f3-c0e0-4abf-9654-cd4fe612cd1e	25.08799943888537	121.522146778059	2025-10-26 08:54:18.013	12.63619820331772
1821	52ff33f3-c0e0-4abf-9654-cd4fe612cd1e	25.08491251857508	121.5232960796065	2025-10-26 08:58:16.863	10.01046603005369
1822	52ff33f3-c0e0-4abf-9654-cd4fe612cd1e	25.08190889466682	121.5242072030807	2025-10-26 09:02:15.713	7.652805097473268
1823	52ff33f3-c0e0-4abf-9654-cd4fe612cd1e	25.07926625557393	121.5247758830878	2025-10-26 09:06:14.563	5.65054111980777
1824	66df181c-9c80-40a7-9e4e-e0f6df2696ea	25.05520689782757	121.5095636466655	2025-11-02 12:04:18.748	6.222387150524744
1825	66df181c-9c80-40a7-9e4e-e0f6df2696ea	25.05574943247365	121.511348930956	2025-11-02 12:06:02.517	14.31678363650125
1826	66df181c-9c80-40a7-9e4e-e0f6df2696ea	25.05543998115599	121.5122915001926	2025-11-02 12:07:46.286	9.567463388079824
1827	66df181c-9c80-40a7-9e4e-e0f6df2696ea	25.05609938412672	121.5132448870749	2025-11-02 12:09:30.055	6.698256335128459
1828	66df181c-9c80-40a7-9e4e-e0f6df2696ea	25.0562715539047	121.5145039730958	2025-11-02 12:11:13.824	5.884782767399697
1829	66df181c-9c80-40a7-9e4e-e0f6df2696ea	25.05676909560596	121.5152684499075	2025-11-02 12:12:57.594	8.835891891953715
1830	66df181c-9c80-40a7-9e4e-e0f6df2696ea	25.05758617662549	121.5166602918172	2025-11-02 12:14:41.363	8.48692568410874
1831	66df181c-9c80-40a7-9e4e-e0f6df2696ea	25.05811060774543	121.5176106446383	2025-11-02 12:16:25.132	10.17583389377167
1832	66df181c-9c80-40a7-9e4e-e0f6df2696ea	25.05813116521546	121.5189264875795	2025-11-02 12:18:08.901	14.38806976386181
1833	66df181c-9c80-40a7-9e4e-e0f6df2696ea	25.05892218634333	121.5201812482048	2025-11-02 12:19:52.671	13.55085119328682
1834	66df181c-9c80-40a7-9e4e-e0f6df2696ea	25.05872960972299	121.5212352880854	2025-11-02 12:21:36.44	5.029880107632819
1835	66df181c-9c80-40a7-9e4e-e0f6df2696ea	25.0558184096277	121.5217362270664	2025-11-02 12:23:20.209	7.114344642781889
1836	66df181c-9c80-40a7-9e4e-e0f6df2696ea	25.05278881537032	121.5230295694952	2025-11-02 12:25:03.978	14.67562413443997
1837	66df181c-9c80-40a7-9e4e-e0f6df2696ea	25.04954415205962	121.5241123795204	2025-11-02 12:26:47.748	6.654855862177835
1838	66df181c-9c80-40a7-9e4e-e0f6df2696ea	25.0466232552209	121.5248154807911	2025-11-02 12:28:31.517	9.985128274242976
1839	66df181c-9c80-40a7-9e4e-e0f6df2696ea	25.04382330423754	121.5251943488503	2025-11-02 12:30:15.286	7.75053646188536
1840	66df181c-9c80-40a7-9e4e-e0f6df2696ea	25.04070820728229	121.5264871574267	2025-11-02 12:31:59.055	14.7235087180797
1841	66df181c-9c80-40a7-9e4e-e0f6df2696ea	25.03838910549259	121.5275996548084	2025-11-02 12:33:42.824	8.324649664297098
1842	66df181c-9c80-40a7-9e4e-e0f6df2696ea	25.03544568742401	121.5280510098264	2025-11-02 12:35:26.594	9.673306800325317
1843	66df181c-9c80-40a7-9e4e-e0f6df2696ea	25.03207395614325	121.5287162834626	2025-11-02 12:37:10.363	6.511788782089056
1844	66df181c-9c80-40a7-9e4e-e0f6df2696ea	25.03775477619411	121.5305683410238	2025-11-02 12:38:54.132	5.679119494440279
1845	66df181c-9c80-40a7-9e4e-e0f6df2696ea	25.05351113034625	121.5323601796891	2025-11-02 12:40:37.901	5.041410234686373
1846	66df181c-9c80-40a7-9e4e-e0f6df2696ea	25.06834421846291	121.5335768116255	2025-11-02 12:42:21.671	10.54850002683252
1847	66df181c-9c80-40a7-9e4e-e0f6df2696ea	25.08332374857983	121.5361212263268	2025-11-02 12:44:05.44	5.451676140159016
1848	66df181c-9c80-40a7-9e4e-e0f6df2696ea	25.09837068567277	121.5379610430673	2025-11-02 12:45:49.209	14.94074454415774
1849	66df181c-9c80-40a7-9e4e-e0f6df2696ea	25.11281418131886	121.5394560053891	2025-11-02 12:47:32.978	7.488251364103363
1850	66df181c-9c80-40a7-9e4e-e0f6df2696ea	25.1280221980367	121.5415852413803	2025-11-02 12:49:16.748	11.2021162834829
1851	66df181c-9c80-40a7-9e4e-e0f6df2696ea	25.14288190878023	121.5427913550008	2025-11-02 12:51:00.517	11.94905111274475
1852	66df181c-9c80-40a7-9e4e-e0f6df2696ea	25.15816267051872	121.5448732074381	2025-11-02 12:52:44.286	5.294481762658767
1853	66df181c-9c80-40a7-9e4e-e0f6df2696ea	25.17292397546596	121.5470825554178	2025-11-02 12:54:28.055	14.38478543835121
1854	66df181c-9c80-40a7-9e4e-e0f6df2696ea	25.16481215845302	121.5495681519822	2025-11-02 12:56:11.824	10.01517618949695
1855	66df181c-9c80-40a7-9e4e-e0f6df2696ea	25.14954414416496	121.552840589488	2025-11-02 12:57:55.594	13.11094547935162
1856	66df181c-9c80-40a7-9e4e-e0f6df2696ea	25.13389682835711	121.5564570751704	2025-11-02 12:59:39.363	11.73583159978247
1857	66df181c-9c80-40a7-9e4e-e0f6df2696ea	25.11842401384617	121.5590124519529	2025-11-02 13:01:23.132	7.494706267910169
1858	66df181c-9c80-40a7-9e4e-e0f6df2696ea	25.10268423633831	121.5628611157393	2025-11-02 13:03:06.901	6.802347895145024
1859	66df181c-9c80-40a7-9e4e-e0f6df2696ea	25.08763869100498	121.5664887063758	2025-11-02 13:04:50.671	6.096860417544024
1860	66df181c-9c80-40a7-9e4e-e0f6df2696ea	25.07155585573858	121.5693153547371	2025-11-02 13:06:34.44	12.85774058348537
1861	66df181c-9c80-40a7-9e4e-e0f6df2696ea	25.05647179213558	121.572608368723	2025-11-02 13:08:18.209	8.154686146767375
1862	66df181c-9c80-40a7-9e4e-e0f6df2696ea	25.04098694013279	121.5763537754308	2025-11-02 13:10:01.978	5.92925104544884
1863	66df181c-9c80-40a7-9e4e-e0f6df2696ea	25.02477001516272	121.5792745313325	2025-11-02 13:11:45.748	12.95458470723736
1864	1e0d4e96-f76f-4be4-ac9b-b4033d846a94	25.05493028626648	121.5101090985656	2025-10-17 22:03:43.568	5.669987103372343
1865	1e0d4e96-f76f-4be4-ac9b-b4033d846a94	25.06698447921163	121.513914687038	2025-10-17 22:04:39.693	8.172034815964453
1866	1e0d4e96-f76f-4be4-ac9b-b4033d846a94	25.07975344167946	121.5174884747836	2025-10-17 22:05:35.818	10.33092707569266
1867	1e0d4e96-f76f-4be4-ac9b-b4033d846a94	25.09165375073647	121.52104554226	2025-10-17 22:06:31.943	10.508642769339
1868	1e0d4e96-f76f-4be4-ac9b-b4033d846a94	25.10369675030587	121.5252177530563	2025-10-17 22:07:28.068	10.21921527704172
1869	1e0d4e96-f76f-4be4-ac9b-b4033d846a94	25.11583103216716	121.5283337289059	2025-10-17 22:08:24.193	11.48390483958823
1870	1e0d4e96-f76f-4be4-ac9b-b4033d846a94	25.12804135464338	121.5320868514755	2025-10-17 22:09:20.318	9.467492870381882
1871	1e0d4e96-f76f-4be4-ac9b-b4033d846a94	25.14059645899721	121.5356861645533	2025-10-17 22:10:16.443	10.46203297708066
1872	1e0d4e96-f76f-4be4-ac9b-b4033d846a94	25.15215916409996	121.5393902117057	2025-10-17 22:11:12.568	9.818684000841621
1873	1e0d4e96-f76f-4be4-ac9b-b4033d846a94	25.16431767212325	121.5431672493006	2025-10-17 22:12:08.693	7.471856065851274
1874	1e0d4e96-f76f-4be4-ac9b-b4033d846a94	25.17692845582673	121.5470956132644	2025-10-17 22:13:04.818	11.73334606473111
1875	1e0d4e96-f76f-4be4-ac9b-b4033d846a94	25.16481077232287	121.5541226117208	2025-10-17 22:14:00.943	5.161425810435095
1876	1e0d4e96-f76f-4be4-ac9b-b4033d846a94	25.15219986422217	121.5616157787635	2025-10-17 22:14:57.068	9.383787752366837
1877	1e0d4e96-f76f-4be4-ac9b-b4033d846a94	25.14016594546385	121.5681324096669	2025-10-17 22:15:53.193	11.33849574756663
1878	1e0d4e96-f76f-4be4-ac9b-b4033d846a94	25.12833980606551	121.5752463448945	2025-10-17 22:16:49.318	10.58753074064131
1879	1e0d4e96-f76f-4be4-ac9b-b4033d846a94	25.1164840394982	121.582600567978	2025-10-17 22:17:45.443	13.17379126952483
1880	1e0d4e96-f76f-4be4-ac9b-b4033d846a94	25.10470159013905	121.5900722645396	2025-10-17 22:18:41.568	7.084293937573052
1881	1e0d4e96-f76f-4be4-ac9b-b4033d846a94	25.09223461504435	121.5963796585914	2025-10-17 22:19:37.693	7.381960380798622
1882	1e0d4e96-f76f-4be4-ac9b-b4033d846a94	25.08034816232447	121.6035493235134	2025-10-17 22:20:33.818	6.519166528641631
1883	1e0d4e96-f76f-4be4-ac9b-b4033d846a94	25.06870757308949	121.6106462379322	2025-10-17 22:21:29.943	8.69158136767848
1884	1e0d4e96-f76f-4be4-ac9b-b4033d846a94	25.056569795631	121.6179887344991	2025-10-17 22:22:26.068	11.47767728860527
1885	1e0d4e96-f76f-4be4-ac9b-b4033d846a94	25.05347915540382	121.6140776819357	2025-10-17 22:23:22.193	7.938879211173234
1886	1e0d4e96-f76f-4be4-ac9b-b4033d846a94	25.04985697623324	121.6106233866817	2025-10-17 22:24:18.318	7.234860625264902
1887	1e0d4e96-f76f-4be4-ac9b-b4033d846a94	25.04715200380912	121.6068747513011	2025-10-17 22:25:14.443	14.52234080959966
1888	1e0d4e96-f76f-4be4-ac9b-b4033d846a94	25.0439011081882	121.60246308649	2025-10-17 22:26:10.568	5.380394744794124
1889	1e0d4e96-f76f-4be4-ac9b-b4033d846a94	25.04060737616332	121.5988341141838	2025-10-17 22:27:06.693	11.08929045853401
1890	1e0d4e96-f76f-4be4-ac9b-b4033d846a94	25.03742522628422	121.5949692325144	2025-10-17 22:28:02.818	7.267076613295103
1891	1e0d4e96-f76f-4be4-ac9b-b4033d846a94	25.0342407044459	121.5911879837053	2025-10-17 22:28:58.943	6.861492393309234
1892	1e0d4e96-f76f-4be4-ac9b-b4033d846a94	25.03106969461983	121.5874546958993	2025-10-17 22:29:55.068	6.543724274055043
1893	1e0d4e96-f76f-4be4-ac9b-b4033d846a94	25.02813525411043	121.5827435461864	2025-10-17 22:30:51.193	13.41081089797613
1894	1e0d4e96-f76f-4be4-ac9b-b4033d846a94	25.02567231971349	121.5790319357671	2025-10-17 22:31:47.318	13.28692852675995
1895	1e0d4e96-f76f-4be4-ac9b-b4033d846a94	25.0241090422827	121.5753730632654	2025-10-17 22:32:43.443	12.84213095257956
1896	1e0d4e96-f76f-4be4-ac9b-b4033d846a94	25.0234198344293	121.5706433362319	2025-10-17 22:33:39.568	12.40002940811604
1897	1e0d4e96-f76f-4be4-ac9b-b4033d846a94	25.02240830024883	121.5668941668365	2025-10-17 22:34:35.693	9.339395279257426
1898	1e0d4e96-f76f-4be4-ac9b-b4033d846a94	25.02214991473858	121.5625242068838	2025-10-17 22:35:31.818	10.53130975234148
1899	1e0d4e96-f76f-4be4-ac9b-b4033d846a94	25.02143567008952	121.5578861612747	2025-10-17 22:36:27.943	8.662822873363465
1900	1e0d4e96-f76f-4be4-ac9b-b4033d846a94	25.02067845659851	121.5538436309621	2025-10-17 22:37:24.068	10.81582044223131
1901	1e0d4e96-f76f-4be4-ac9b-b4033d846a94	25.01941644398229	121.5490657475239	2025-10-17 22:38:20.193	8.629778655103163
1902	1e0d4e96-f76f-4be4-ac9b-b4033d846a94	25.01877959156178	121.5450570186919	2025-10-17 22:39:16.318	8.325932765604758
1903	1e0d4e96-f76f-4be4-ac9b-b4033d846a94	25.01846048401895	121.5414776421136	2025-10-17 22:40:12.443	9.300992958166523
1904	1e0d4e96-f76f-4be4-ac9b-b4033d846a94	25.01740396559738	121.5370149732068	2025-10-17 22:41:08.568	11.32002815245788
1905	df4e2224-1dff-41f9-aab1-5b3542b811db	25.16563809157999	121.57559867654	2025-10-12 04:53:53.977	8.39863841256664
1906	df4e2224-1dff-41f9-aab1-5b3542b811db	25.16413048655608	121.5757272110364	2025-10-12 04:54:39.874	6.130630394876231
1907	df4e2224-1dff-41f9-aab1-5b3542b811db	25.16354200567359	121.5760117677007	2025-10-12 04:55:25.772	14.12695494274412
1908	df4e2224-1dff-41f9-aab1-5b3542b811db	25.16154611158945	121.5758619506512	2025-10-12 04:56:11.67	13.42317434429205
1909	df4e2224-1dff-41f9-aab1-5b3542b811db	25.1602700089253	121.5759158292574	2025-10-12 04:56:57.568	5.413733084440697
1910	df4e2224-1dff-41f9-aab1-5b3542b811db	25.15947845149902	121.5767652360306	2025-10-12 04:57:43.466	12.55703512516684
1911	df4e2224-1dff-41f9-aab1-5b3542b811db	25.15766236475899	121.5765833776713	2025-10-12 04:58:29.364	14.83802769314326
1912	df4e2224-1dff-41f9-aab1-5b3542b811db	25.15613636330052	121.5771813700973	2025-10-12 04:59:15.262	5.224119169282087
1913	df4e2224-1dff-41f9-aab1-5b3542b811db	25.15503072673749	121.5774245901515	2025-10-12 05:00:01.16	11.08380023692367
1914	df4e2224-1dff-41f9-aab1-5b3542b811db	25.15364859033441	121.5779958027598	2025-10-12 05:00:47.058	7.033459261057827
1915	df4e2224-1dff-41f9-aab1-5b3542b811db	25.15209066582939	121.5779188519129	2025-10-12 05:01:32.956	12.75384788512013
1916	df4e2224-1dff-41f9-aab1-5b3542b811db	25.15043795277084	121.5779151896625	2025-10-12 05:02:18.854	12.0617686645706
1917	df4e2224-1dff-41f9-aab1-5b3542b811db	25.14992570925655	121.5781971346828	2025-10-12 05:03:04.752	13.43663503266026
1918	df4e2224-1dff-41f9-aab1-5b3542b811db	25.1481093023775	121.5784473781847	2025-10-12 05:03:50.65	9.455998507333694
1919	df4e2224-1dff-41f9-aab1-5b3542b811db	25.14655166581823	121.5786546040993	2025-10-12 05:04:36.548	12.45855903801655
1920	df4e2224-1dff-41f9-aab1-5b3542b811db	25.14572219020087	121.5786550383785	2025-10-12 05:05:22.446	11.82887106670083
1921	df4e2224-1dff-41f9-aab1-5b3542b811db	25.14387955343957	121.5793894538672	2025-10-12 05:06:08.344	7.634900717004244
1922	df4e2224-1dff-41f9-aab1-5b3542b811db	25.14289375492366	121.579358080536	2025-10-12 05:06:54.242	12.58556020779963
1923	df4e2224-1dff-41f9-aab1-5b3542b811db	25.14133006254325	121.5799689817002	2025-10-12 05:07:40.14	8.883743952710489
1924	df4e2224-1dff-41f9-aab1-5b3542b811db	25.14001147583824	121.580338823095	2025-10-12 05:08:26.038	9.628110839969196
1925	df4e2224-1dff-41f9-aab1-5b3542b811db	25.13844141187817	121.5807133640937	2025-10-12 05:09:11.936	8.213307262110893
1926	df4e2224-1dff-41f9-aab1-5b3542b811db	25.13758592412502	121.580988945003	2025-10-12 05:09:57.834	13.04375003045386
1927	df4e2224-1dff-41f9-aab1-5b3542b811db	25.13608516218718	121.580252458386	2025-10-12 05:10:43.732	14.83679595875192
1928	df4e2224-1dff-41f9-aab1-5b3542b811db	25.1346132849037	121.5808989567004	2025-10-12 05:11:29.63	12.88506269381473
1929	df4e2224-1dff-41f9-aab1-5b3542b811db	25.13329608570117	121.5816628609475	2025-10-12 05:12:15.528	6.94588867509972
1930	df4e2224-1dff-41f9-aab1-5b3542b811db	25.13169170036059	121.5812291875525	2025-10-12 05:13:01.425	5.725809890762963
1931	df4e2224-1dff-41f9-aab1-5b3542b811db	25.13058661538336	121.5819347972639	2025-10-12 05:13:47.323	9.809362510733335
1932	df4e2224-1dff-41f9-aab1-5b3542b811db	25.1293946567398	121.582244424231	2025-10-12 05:14:33.221	13.1141477957777
1933	df4e2224-1dff-41f9-aab1-5b3542b811db	25.12780286345221	121.5827135067178	2025-10-12 05:15:19.119	8.526788838743947
1934	df4e2224-1dff-41f9-aab1-5b3542b811db	25.12615677920051	121.5828860131743	2025-10-12 05:16:05.017	11.18770056636442
1935	df4e2224-1dff-41f9-aab1-5b3542b811db	25.12530593069395	121.5826739065304	2025-10-12 05:16:50.915	9.815290587779689
1936	df4e2224-1dff-41f9-aab1-5b3542b811db	25.12428241427617	121.5828060499973	2025-10-12 05:17:36.813	5.72717911506375
1937	df4e2224-1dff-41f9-aab1-5b3542b811db	25.12221106186426	121.5834754205589	2025-10-12 05:18:22.711	6.894179445437036
1938	df4e2224-1dff-41f9-aab1-5b3542b811db	25.12160107018324	121.5838563709001	2025-10-12 05:19:08.609	9.322816563957137
1939	df4e2224-1dff-41f9-aab1-5b3542b811db	25.12010157505638	121.5837471498139	2025-10-12 05:19:54.507	7.472375771219523
1940	df4e2224-1dff-41f9-aab1-5b3542b811db	25.11841672434567	121.5835624434578	2025-10-12 05:20:40.405	9.461309961619115
1941	df4e2224-1dff-41f9-aab1-5b3542b811db	25.11756396292049	121.5842614319895	2025-10-12 05:21:26.303	11.44118536510395
1942	df4e2224-1dff-41f9-aab1-5b3542b811db	25.11557345348101	121.5845281729816	2025-10-12 05:22:12.201	13.7031655798347
1943	df4e2224-1dff-41f9-aab1-5b3542b811db	25.11463133291944	121.5849530811809	2025-10-12 05:22:58.099	14.54022243704471
1944	df4e2224-1dff-41f9-aab1-5b3542b811db	25.11325038055093	121.5846615209374	2025-10-12 05:23:43.997	9.802964553133851
1945	df4e2224-1dff-41f9-aab1-5b3542b811db	25.11139565240118	121.5856432685968	2025-10-12 05:24:29.895	7.828150571822006
1946	df4e2224-1dff-41f9-aab1-5b3542b811db	25.11036547024866	121.5857942922267	2025-10-12 05:25:15.793	6.745668263729634
1947	df4e2224-1dff-41f9-aab1-5b3542b811db	25.10879421506302	121.585888891924	2025-10-12 05:26:01.691	9.549322008822418
1948	df4e2224-1dff-41f9-aab1-5b3542b811db	25.10727914188369	121.5857294355771	2025-10-12 05:26:47.589	7.033441529899187
1949	df4e2224-1dff-41f9-aab1-5b3542b811db	25.10671345326955	121.5862459055407	2025-10-12 05:27:33.487	14.62205484534137
1950	df4e2224-1dff-41f9-aab1-5b3542b811db	25.10467096134351	121.5868760703431	2025-10-12 05:28:19.385	10.23661658504007
1951	df4e2224-1dff-41f9-aab1-5b3542b811db	25.10396314228986	121.5868201107965	2025-10-12 05:29:05.283	5.595046294587322
1952	df4e2224-1dff-41f9-aab1-5b3542b811db	25.10211273574496	121.5873479151811	2025-10-12 05:29:51.181	11.65482809633193
1953	df4e2224-1dff-41f9-aab1-5b3542b811db	25.10066795682959	121.5875531500052	2025-10-12 05:30:37.079	10.27863899279617
1954	df4e2224-1dff-41f9-aab1-5b3542b811db	25.09934744322552	121.5874671416423	2025-10-12 05:31:22.977	6.99209632167376
1955	50be16e6-6619-4a61-a1dd-c5254ffd50dd	25.09946665033368	121.5869915578296	2025-10-27 19:33:51.433	12.64085848921551
1956	50be16e6-6619-4a61-a1dd-c5254ffd50dd	25.09255421136446	121.6135489630029	2025-10-27 19:35:43.933	5.476440397489606
1957	50be16e6-6619-4a61-a1dd-c5254ffd50dd	25.08632895556132	121.6407897230862	2025-10-27 19:37:36.433	8.223456646972764
1958	50be16e6-6619-4a61-a1dd-c5254ffd50dd	25.0792950596488	121.6678468948133	2025-10-27 19:39:28.933	7.156005652140607
1959	50be16e6-6619-4a61-a1dd-c5254ffd50dd	25.07236981124336	121.6937150053575	2025-10-27 19:41:21.433	9.979969745853838
1960	50be16e6-6619-4a61-a1dd-c5254ffd50dd	25.06603167867568	121.7203654065033	2025-10-27 19:43:13.933	9.64722248456782
1961	50be16e6-6619-4a61-a1dd-c5254ffd50dd	25.05954154348584	121.747600177879	2025-10-27 19:45:06.433	5.206986968417333
1962	50be16e6-6619-4a61-a1dd-c5254ffd50dd	25.05231570754572	121.7741216417964	2025-10-27 19:46:58.933	13.53483936380993
1963	50be16e6-6619-4a61-a1dd-c5254ffd50dd	25.05111688889852	121.7732254291864	2025-10-27 19:48:51.433	6.860545005863452
1964	50be16e6-6619-4a61-a1dd-c5254ffd50dd	25.05464892051787	121.7438997521762	2025-10-27 19:50:43.933	12.50205692773056
1965	50be16e6-6619-4a61-a1dd-c5254ffd50dd	25.05907372412999	121.7147989411279	2025-10-27 19:52:36.433	9.817585199863206
1966	50be16e6-6619-4a61-a1dd-c5254ffd50dd	25.06307648230658	121.6858002076901	2025-10-27 19:54:28.933	9.498278248447187
1967	50be16e6-6619-4a61-a1dd-c5254ffd50dd	25.0673604050542	121.6569521666773	2025-10-27 19:56:21.433	6.028310242917203
1968	50be16e6-6619-4a61-a1dd-c5254ffd50dd	25.07090640984072	121.6274415923139	2025-10-27 19:58:13.933	7.200498486550872
1969	50be16e6-6619-4a61-a1dd-c5254ffd50dd	25.0752126436338	121.598999065454	2025-10-27 20:00:06.433	7.448005810971265
1970	50be16e6-6619-4a61-a1dd-c5254ffd50dd	25.07842112971352	121.569729535177	2025-10-27 20:01:58.933	6.676796652441599
1971	50be16e6-6619-4a61-a1dd-c5254ffd50dd	25.0697549889426	121.5652112776185	2025-10-27 20:03:51.433	7.381110152307593
1972	50be16e6-6619-4a61-a1dd-c5254ffd50dd	25.06160421715067	121.5600069336561	2025-10-27 20:05:43.933	7.659288155435844
1973	50be16e6-6619-4a61-a1dd-c5254ffd50dd	25.05312241487994	121.5556050183486	2025-10-27 20:07:36.433	14.32756153630374
1974	50be16e6-6619-4a61-a1dd-c5254ffd50dd	25.04431687108188	121.551049347958	2025-10-27 20:09:28.933	12.61253346829176
1975	50be16e6-6619-4a61-a1dd-c5254ffd50dd	25.03502625593506	121.545925317314	2025-10-27 20:11:21.433	6.65430089601119
1976	50be16e6-6619-4a61-a1dd-c5254ffd50dd	25.02642626102499	121.5416779146831	2025-10-27 20:13:13.933	6.610378649182298
1977	50be16e6-6619-4a61-a1dd-c5254ffd50dd	25.01804327934035	121.5367271751098	2025-10-27 20:15:06.433	5.634209341563281
1978	50be16e6-6619-4a61-a1dd-c5254ffd50dd	25.01557682465918	121.5321225180721	2025-10-27 20:16:58.933	11.85422920856488
1979	50be16e6-6619-4a61-a1dd-c5254ffd50dd	25.01900019876156	121.5286784385581	2025-10-27 20:18:51.433	12.36295479797895
1980	50be16e6-6619-4a61-a1dd-c5254ffd50dd	25.0223471889233	121.5240721971698	2025-10-27 20:20:43.933	13.92711892762982
1981	50be16e6-6619-4a61-a1dd-c5254ffd50dd	25.02585466636459	121.520154941793	2025-10-27 20:22:36.433	11.04682469479174
1982	50be16e6-6619-4a61-a1dd-c5254ffd50dd	25.02995459518149	121.5151641176372	2025-10-27 20:24:28.933	10.56334547258642
1983	50be16e6-6619-4a61-a1dd-c5254ffd50dd	25.03360898991521	121.5112086204718	2025-10-27 20:26:21.433	8.354435169814431
1984	50be16e6-6619-4a61-a1dd-c5254ffd50dd	25.03717014285837	121.5067620228042	2025-10-27 20:28:13.933	10.07341518454058
1985	50be16e6-6619-4a61-a1dd-c5254ffd50dd	25.04044093980604	121.502705234746	2025-10-27 20:30:06.433	6.868356510894593
1986	2b07f075-cf79-454f-849d-dd87d29205ef	25.07905833870487	121.5697016748164	2025-11-08 13:31:00.192	6.013813113845769
1987	2b07f075-cf79-454f-849d-dd87d29205ef	25.08187555056091	121.5721577894161	2025-11-08 13:33:59.821	9.198717572255804
1988	2b07f075-cf79-454f-849d-dd87d29205ef	25.0847607263204	121.5744990930775	2025-11-08 13:36:59.451	14.88117572820429
1989	2b07f075-cf79-454f-849d-dd87d29205ef	25.08764761474377	121.5773232915831	2025-11-08 13:39:59.08	10.34465420863731
1990	2b07f075-cf79-454f-849d-dd87d29205ef	25.09140400352181	121.5801363988533	2025-11-08 13:42:58.71	13.19909801270763
1991	2b07f075-cf79-454f-849d-dd87d29205ef	25.09475841163022	121.5828848755781	2025-11-08 13:45:58.34	14.92377958652137
1992	2b07f075-cf79-454f-849d-dd87d29205ef	25.09773550082975	121.5855576276112	2025-11-08 13:48:57.969	9.116191977508844
1993	2b07f075-cf79-454f-849d-dd87d29205ef	25.1020588875456	121.5870084493669	2025-11-08 13:51:57.599	14.20489319643356
1994	2b07f075-cf79-454f-849d-dd87d29205ef	25.11226875608125	121.5847152278221	2025-11-08 13:54:57.229	6.204216271246299
1995	2b07f075-cf79-454f-849d-dd87d29205ef	25.12142503689435	121.5832925685375	2025-11-08 13:57:56.858	9.715827853535963
1996	2b07f075-cf79-454f-849d-dd87d29205ef	25.13180322008001	121.5815087186293	2025-11-08 14:00:56.488	5.685624710616892
1997	2b07f075-cf79-454f-849d-dd87d29205ef	25.14145096638927	121.5799174298387	2025-11-08 14:03:56.117	5.656019617617288
1998	2b07f075-cf79-454f-849d-dd87d29205ef	25.15157272169106	121.5781557041719	2025-11-08 14:06:55.747	13.45164361167575
1999	2b07f075-cf79-454f-849d-dd87d29205ef	25.16053665715946	121.5766308903537	2025-11-08 14:09:55.377	14.97819803790401
2000	2b07f075-cf79-454f-849d-dd87d29205ef	25.1568299283162	121.5704218233427	2025-11-08 14:12:55.006	7.826580265969905
2001	2b07f075-cf79-454f-849d-dd87d29205ef	25.13747196996019	121.5595264328288	2025-11-08 14:15:54.636	9.614724800383414
2002	2b07f075-cf79-454f-849d-dd87d29205ef	25.11948493745984	121.5485383717838	2025-11-08 14:18:54.266	6.443498430297543
2003	2b07f075-cf79-454f-849d-dd87d29205ef	25.10020588296858	121.5374469731101	2025-11-08 14:21:53.895	10.81612920904082
2004	2b07f075-cf79-454f-849d-dd87d29205ef	25.08177576812635	121.5269708695717	2025-11-08 14:24:53.525	6.797575387751225
2005	2b07f075-cf79-454f-849d-dd87d29205ef	25.06338328009013	121.5159487144295	2025-11-08 14:27:53.154	11.98215689686591
2006	2b07f075-cf79-454f-849d-dd87d29205ef	25.04445347251324	121.5048805091743	2025-11-08 14:30:52.784	5.64079292986492
2007	2b07f075-cf79-454f-849d-dd87d29205ef	25.04302694125372	121.5062138684676	2025-11-08 14:33:52.414	10.82585588777536
2008	2b07f075-cf79-454f-849d-dd87d29205ef	25.04663237544712	121.5118044530886	2025-11-08 14:36:52.043	9.050951902749944
2009	2b07f075-cf79-454f-849d-dd87d29205ef	25.0495014240042	121.5179057555684	2025-11-08 14:39:51.673	5.746976922792193
2010	2b07f075-cf79-454f-849d-dd87d29205ef	25.05350010623894	121.5233675757624	2025-11-08 14:42:51.303	13.53223441362636
2011	2b07f075-cf79-454f-849d-dd87d29205ef	25.05631017333699	121.5286126514881	2025-11-08 14:45:50.932	12.54488612645044
2012	2b07f075-cf79-454f-849d-dd87d29205ef	25.06044567438435	121.5339744310134	2025-11-08 14:48:50.562	13.95255888822207
2013	2b07f075-cf79-454f-849d-dd87d29205ef	25.06320696516238	121.5389008363547	2025-11-08 14:51:50.192	7.084360468741052
2014	0f83dc29-d8a5-4adf-ab6b-fc5d4934f774	25.04848956572457	121.7870752345145	2025-10-11 05:54:02.326	6.695406667006787
2015	0f83dc29-d8a5-4adf-ab6b-fc5d4934f774	25.05497828784233	121.7704680899999	2025-10-11 05:54:53.326	6.393245236901864
2016	0f83dc29-d8a5-4adf-ab6b-fc5d4934f774	25.06126672209621	121.7532664040197	2025-10-11 05:55:44.326	14.61591609085199
2017	0f83dc29-d8a5-4adf-ab6b-fc5d4934f774	25.06779309842053	121.7356001698856	2025-10-11 05:56:35.326	5.575235699696599
2018	0f83dc29-d8a5-4adf-ab6b-fc5d4934f774	25.07400530077365	121.718642559999	2025-10-11 05:57:26.326	11.47279891539083
2019	0f83dc29-d8a5-4adf-ab6b-fc5d4934f774	25.07985841082416	121.7014268382033	2025-10-11 05:58:17.326	12.03550690922311
2020	0f83dc29-d8a5-4adf-ab6b-fc5d4934f774	25.08640283355976	121.6841513840241	2025-10-11 05:59:08.326	10.36975553346951
2021	0f83dc29-d8a5-4adf-ab6b-fc5d4934f774	25.09224322591862	121.667296851925	2025-10-11 05:59:59.326	12.29188577923816
2022	0f83dc29-d8a5-4adf-ab6b-fc5d4934f774	25.09930899043348	121.6495260719313	2025-10-11 06:00:50.326	9.680686781193915
2023	0f83dc29-d8a5-4adf-ab6b-fc5d4934f774	25.10493183325912	121.6323500408739	2025-10-11 06:01:41.326	13.03202119080655
2024	0f83dc29-d8a5-4adf-ab6b-fc5d4934f774	25.11167416727601	121.615758789846	2025-10-11 06:02:32.326	9.877031347214583
2025	0f83dc29-d8a5-4adf-ab6b-fc5d4934f774	25.1179614860625	121.5981320395422	2025-10-11 06:03:23.326	14.94264279303736
2026	0f83dc29-d8a5-4adf-ab6b-fc5d4934f774	25.12413773326173	121.5814664781529	2025-10-11 06:04:14.326	8.229645995104626
2027	0f83dc29-d8a5-4adf-ab6b-fc5d4934f774	25.13032246910305	121.5637363956951	2025-10-11 06:05:05.326	10.77014088929892
2028	0f83dc29-d8a5-4adf-ab6b-fc5d4934f774	25.13651263070436	121.5463943258435	2025-10-11 06:05:56.326	5.090931617853869
2029	0f83dc29-d8a5-4adf-ab6b-fc5d4934f774	25.14247800252454	121.5292198974162	2025-10-11 06:06:47.326	14.07941420422771
2030	0f83dc29-d8a5-4adf-ab6b-fc5d4934f774	25.14874304454325	121.5124305556041	2025-10-11 06:07:38.326	8.715966276229123
2031	0f83dc29-d8a5-4adf-ab6b-fc5d4934f774	25.15469341903063	121.4946317470411	2025-10-11 06:08:29.326	13.93635373383825
2032	0f83dc29-d8a5-4adf-ab6b-fc5d4934f774	25.16132131403365	121.4778636000797	2025-10-11 06:09:20.326	11.14697606795398
2033	0f83dc29-d8a5-4adf-ab6b-fc5d4934f774	25.16772837590305	121.4610090697153	2025-10-11 06:10:11.326	6.762049454474806
2034	0f83dc29-d8a5-4adf-ab6b-fc5d4934f774	25.17390222055568	121.4430159624596	2025-10-11 06:11:02.326	14.79034459360422
2035	0f83dc29-d8a5-4adf-ab6b-fc5d4934f774	25.17270596664195	121.4377870242108	2025-10-11 06:11:53.326	10.05707629580697
2036	0f83dc29-d8a5-4adf-ab6b-fc5d4934f774	25.16473506598699	121.4422821456369	2025-10-11 06:12:44.326	5.59466117598298
2037	0f83dc29-d8a5-4adf-ab6b-fc5d4934f774	25.15654315310546	121.4467481017399	2025-10-11 06:13:35.326	13.29040379601264
2038	0f83dc29-d8a5-4adf-ab6b-fc5d4934f774	25.14859107709988	121.4518375705729	2025-10-11 06:14:26.326	5.812899270453251
2039	0f83dc29-d8a5-4adf-ab6b-fc5d4934f774	25.14102346631773	121.4563335559003	2025-10-11 06:15:17.326	13.17143598414114
2040	0f83dc29-d8a5-4adf-ab6b-fc5d4934f774	25.13257813323772	121.461758737312	2025-10-11 06:16:08.326	7.645361243391438
2041	0f83dc29-d8a5-4adf-ab6b-fc5d4934f774	25.12492270199202	121.4666983252494	2025-10-11 06:16:59.326	12.99355415859468
2042	0f83dc29-d8a5-4adf-ab6b-fc5d4934f774	25.11680350250479	121.4714894770408	2025-10-11 06:17:50.326	7.706941361736064
2043	0f83dc29-d8a5-4adf-ab6b-fc5d4934f774	25.10946415517946	121.475964324914	2025-10-11 06:18:41.326	8.176657791171325
2044	0f83dc29-d8a5-4adf-ab6b-fc5d4934f774	25.10167241737393	121.4814778720675	2025-10-11 06:19:32.326	10.12579883257907
2045	0f83dc29-d8a5-4adf-ab6b-fc5d4934f774	25.09279190505644	121.4860613268624	2025-10-11 06:20:23.326	7.502060848475973
2046	0f83dc29-d8a5-4adf-ab6b-fc5d4934f774	25.08528706299062	121.4909844325931	2025-10-11 06:21:14.326	12.91650672392776
2047	0f83dc29-d8a5-4adf-ab6b-fc5d4934f774	25.07771745803916	121.4959515877509	2025-10-11 06:22:05.326	9.14790394442646
2048	0f83dc29-d8a5-4adf-ab6b-fc5d4934f774	25.06957340224397	121.5009082913941	2025-10-11 06:22:56.326	6.436231503905343
2049	0f83dc29-d8a5-4adf-ab6b-fc5d4934f774	25.06180116759542	121.5052278821122	2025-10-11 06:23:47.326	8.015327065027439
2050	0f83dc29-d8a5-4adf-ab6b-fc5d4934f774	25.05388913699861	121.5106872619271	2025-10-11 06:24:38.326	13.50894085355406
2051	0f83dc29-d8a5-4adf-ab6b-fc5d4934f774	25.04571418026747	121.515371863334	2025-10-11 06:25:29.326	6.285532920903782
2052	0f83dc29-d8a5-4adf-ab6b-fc5d4934f774	25.03726821933181	121.5198860321848	2025-10-11 06:26:20.326	13.14475503379757
2053	0f83dc29-d8a5-4adf-ab6b-fc5d4934f774	25.03002368296286	121.524685524449	2025-10-11 06:27:11.326	5.715853886155456
2054	0f83dc29-d8a5-4adf-ab6b-fc5d4934f774	25.02210049234918	121.5300088101261	2025-10-11 06:28:02.326	5.764686272353801
2055	0f83dc29-d8a5-4adf-ab6b-fc5d4934f774	25.0133498147994	121.5343464481848	2025-10-11 06:28:53.326	10.90339978111269
2056	a64cf2a6-7feb-4f5d-83a8-58a3355705eb	25.07861508894279	121.5694107150528	2025-10-28 18:24:48.686	10.33243732997233
2057	a64cf2a6-7feb-4f5d-83a8-58a3355705eb	25.07783055164169	121.5744363840778	2025-10-28 18:26:18.686	7.558828658911518
2058	a64cf2a6-7feb-4f5d-83a8-58a3355705eb	25.07727165220769	121.5794817948348	2025-10-28 18:27:48.686	14.95084992625848
2059	a64cf2a6-7feb-4f5d-83a8-58a3355705eb	25.07638585535528	121.5848873632118	2025-10-28 18:29:18.686	7.20889661900062
2060	a64cf2a6-7feb-4f5d-83a8-58a3355705eb	25.07652580227777	121.5899189715469	2025-10-28 18:30:48.686	9.605920519870688
2061	a64cf2a6-7feb-4f5d-83a8-58a3355705eb	25.07532720285531	121.5944564676685	2025-10-28 18:32:18.686	6.543083747208096
2062	a64cf2a6-7feb-4f5d-83a8-58a3355705eb	25.07468887262924	121.6001366300327	2025-10-28 18:33:48.686	8.412586938601835
2063	a64cf2a6-7feb-4f5d-83a8-58a3355705eb	25.07405084412638	121.6051388608993	2025-10-28 18:35:18.686	6.637917811819067
2064	a64cf2a6-7feb-4f5d-83a8-58a3355705eb	25.07294843027575	121.6099598803604	2025-10-28 18:36:48.686	13.50843020124941
2065	a64cf2a6-7feb-4f5d-83a8-58a3355705eb	25.07296128305168	121.6152322536526	2025-10-28 18:38:18.686	8.783648156038229
2066	a64cf2a6-7feb-4f5d-83a8-58a3355705eb	25.07180943310742	121.6200437244295	2025-10-28 18:39:48.686	14.39476247489108
2067	a64cf2a6-7feb-4f5d-83a8-58a3355705eb	25.07097272173618	121.6247690120815	2025-10-28 18:41:18.686	6.470208620658742
2068	a64cf2a6-7feb-4f5d-83a8-58a3355705eb	25.07097988193746	121.6300205802426	2025-10-28 18:42:48.686	12.99687630147437
2069	a64cf2a6-7feb-4f5d-83a8-58a3355705eb	25.06980705598231	121.6353334583002	2025-10-28 18:44:18.686	8.419443814637349
2070	a64cf2a6-7feb-4f5d-83a8-58a3355705eb	25.0686780438473	121.6407207901846	2025-10-28 18:45:48.686	9.611260582534255
2071	a64cf2a6-7feb-4f5d-83a8-58a3355705eb	25.06862173032524	121.6452138098669	2025-10-28 18:47:18.686	11.66301865798063
2072	a64cf2a6-7feb-4f5d-83a8-58a3355705eb	25.06738667021228	121.6505605949949	2025-10-28 18:48:48.686	8.262323199405234
2073	a64cf2a6-7feb-4f5d-83a8-58a3355705eb	25.06702533788015	121.6554116516864	2025-10-28 18:50:18.686	7.874444089133139
2074	a64cf2a6-7feb-4f5d-83a8-58a3355705eb	25.06621758063503	121.6611227327158	2025-10-28 18:51:48.686	14.11418952239709
2075	a64cf2a6-7feb-4f5d-83a8-58a3355705eb	25.0659211641825	121.6653759282144	2025-10-28 18:53:18.686	14.31951909610814
2076	a64cf2a6-7feb-4f5d-83a8-58a3355705eb	25.06516543541683	121.6710408044656	2025-10-28 18:54:48.686	7.44050759017931
2077	a64cf2a6-7feb-4f5d-83a8-58a3355705eb	25.06399378255967	121.6759518413195	2025-10-28 18:56:18.686	13.48000097841037
2078	a64cf2a6-7feb-4f5d-83a8-58a3355705eb	25.0631651121451	121.6807980147904	2025-10-28 18:57:48.686	11.74660083414612
2079	a64cf2a6-7feb-4f5d-83a8-58a3355705eb	25.06299124603306	121.6859476725497	2025-10-28 18:59:18.686	8.698638237513656
2080	a64cf2a6-7feb-4f5d-83a8-58a3355705eb	25.06253307413088	121.6915222877394	2025-10-28 19:00:48.686	11.49356656556298
2081	a64cf2a6-7feb-4f5d-83a8-58a3355705eb	25.06172779349394	121.6965618574586	2025-10-28 19:02:18.686	14.02522624926136
2082	a64cf2a6-7feb-4f5d-83a8-58a3355705eb	25.06085715090522	121.7010273952385	2025-10-28 19:03:48.686	5.741760435520971
2083	a64cf2a6-7feb-4f5d-83a8-58a3355705eb	25.0602377823991	121.7066052256425	2025-10-28 19:05:18.686	14.55367156946493
2084	a64cf2a6-7feb-4f5d-83a8-58a3355705eb	25.05905328257156	121.7109164950338	2025-10-28 19:06:48.686	12.17162325917575
2085	a64cf2a6-7feb-4f5d-83a8-58a3355705eb	25.05854548746813	121.7169751363139	2025-10-28 19:08:18.686	9.646123441860864
2086	a64cf2a6-7feb-4f5d-83a8-58a3355705eb	25.05787945622764	121.7212831252562	2025-10-28 19:09:48.686	14.67399784653937
2087	a64cf2a6-7feb-4f5d-83a8-58a3355705eb	25.05751110402684	121.7267467372501	2025-10-28 19:11:18.686	8.984490978201045
2088	a64cf2a6-7feb-4f5d-83a8-58a3355705eb	25.05628451189657	121.7320004134451	2025-10-28 19:12:48.686	6.359899971785261
2089	a64cf2a6-7feb-4f5d-83a8-58a3355705eb	25.05570390972033	121.7371079480541	2025-10-28 19:14:18.686	13.43274268818113
2090	a64cf2a6-7feb-4f5d-83a8-58a3355705eb	25.05527417310459	121.7415892821334	2025-10-28 19:15:48.686	13.71335038255195
2091	a64cf2a6-7feb-4f5d-83a8-58a3355705eb	25.05489612693341	121.7467865658512	2025-10-28 19:17:18.686	12.17427734553182
2092	a64cf2a6-7feb-4f5d-83a8-58a3355705eb	25.05374262692386	121.7515272184054	2025-10-28 19:18:48.686	12.62356477595011
2093	a64cf2a6-7feb-4f5d-83a8-58a3355705eb	25.05307996490872	121.7566481410117	2025-10-28 19:20:18.686	5.779939258205149
2094	a64cf2a6-7feb-4f5d-83a8-58a3355705eb	25.05263150361812	121.7624816278345	2025-10-28 19:21:48.686	10.29215093503113
2095	a64cf2a6-7feb-4f5d-83a8-58a3355705eb	25.05135226774471	121.7670570618173	2025-10-28 19:23:18.686	7.973218210657467
2096	a64cf2a6-7feb-4f5d-83a8-58a3355705eb	25.05056853616958	121.7723606301007	2025-10-28 19:24:48.686	10.37739168116375
2097	a64cf2a6-7feb-4f5d-83a8-58a3355705eb	25.05076326333859	121.7773123344529	2025-10-28 19:26:18.686	5.328266101371564
2098	a64cf2a6-7feb-4f5d-83a8-58a3355705eb	25.04959597625833	121.7827412258933	2025-10-28 19:27:48.686	13.8143936790348
2099	a64cf2a6-7feb-4f5d-83a8-58a3355705eb	25.04914639756932	121.7877095073188	2025-10-28 19:29:18.686	13.2133397445649
2100	3e0c00c1-529a-46da-85df-d010284e17b6	25.02533405913732	121.5795401269889	2025-10-20 21:52:54.503	13.28957025759014
2101	3e0c00c1-529a-46da-85df-d010284e17b6	25.02749751956498	121.5771639855422	2025-10-20 21:54:11.003	13.26083590305764
2102	3e0c00c1-529a-46da-85df-d010284e17b6	25.029634563386	121.5752136901018	2025-10-20 21:55:27.503	8.577954961160456
2103	3e0c00c1-529a-46da-85df-d010284e17b6	25.03083551197829	121.5726680897652	2025-10-20 21:56:44.003	10.72609739965356
2104	3e0c00c1-529a-46da-85df-d010284e17b6	25.03338956800499	121.5707141440916	2025-10-20 21:58:00.503	9.31678502149639
2105	3e0c00c1-529a-46da-85df-d010284e17b6	25.03516643657913	121.5686148212476	2025-10-20 21:59:17.003	13.00766750653377
2106	3e0c00c1-529a-46da-85df-d010284e17b6	25.03708527850674	121.5673366087519	2025-10-20 22:00:33.503	5.946265886622013
2107	3e0c00c1-529a-46da-85df-d010284e17b6	25.03902684133334	121.5650540776602	2025-10-20 22:01:50.003	9.891955228572995
2108	3e0c00c1-529a-46da-85df-d010284e17b6	25.0411178827042	121.5630677326102	2025-10-20 22:03:06.503	7.343980117792244
2109	3e0c00c1-529a-46da-85df-d010284e17b6	25.04279217682085	121.5611216178787	2025-10-20 22:04:23.003	9.780001149370266
2110	3e0c00c1-529a-46da-85df-d010284e17b6	25.04512914355582	121.5586916225315	2025-10-20 22:05:39.503	8.19261387217596
2111	3e0c00c1-529a-46da-85df-d010284e17b6	25.04643464501089	121.5567938000945	2025-10-20 22:06:56.003	6.157939995947292
2112	3e0c00c1-529a-46da-85df-d010284e17b6	25.04855465713471	121.5552094515856	2025-10-20 22:08:12.503	13.49702716110098
2113	3e0c00c1-529a-46da-85df-d010284e17b6	25.05088363253918	121.5524477070303	2025-10-20 22:09:29.003	9.499230110534358
2114	3e0c00c1-529a-46da-85df-d010284e17b6	25.05250661895589	121.5506591337387	2025-10-20 22:10:45.503	11.71980085341112
2115	3e0c00c1-529a-46da-85df-d010284e17b6	25.05504060580658	121.5491348418722	2025-10-20 22:12:02.003	13.66155263974414
2116	3e0c00c1-529a-46da-85df-d010284e17b6	25.05701646237894	121.5461695369428	2025-10-20 22:13:18.503	14.94350092845412
2117	3e0c00c1-529a-46da-85df-d010284e17b6	25.05828974195646	121.5443697374512	2025-10-20 22:14:35.003	14.76608604948193
2118	3e0c00c1-529a-46da-85df-d010284e17b6	25.06050044453945	121.5421259541806	2025-10-20 22:15:51.503	9.578352081284386
2119	3e0c00c1-529a-46da-85df-d010284e17b6	25.06232728741899	121.5404474754156	2025-10-20 22:17:08.003	11.52168931547284
2120	3e0c00c1-529a-46da-85df-d010284e17b6	25.06496365954868	121.5385645646111	2025-10-20 22:18:24.503	5.805662174180406
2121	3e0c00c1-529a-46da-85df-d010284e17b6	25.06615638769933	121.5363205300112	2025-10-20 22:19:41.003	13.56222352508581
2122	3e0c00c1-529a-46da-85df-d010284e17b6	25.06840058454612	121.5347998804493	2025-10-20 22:20:57.503	5.180284597435976
2123	3e0c00c1-529a-46da-85df-d010284e17b6	25.0703455912898	121.532152337684	2025-10-20 22:22:14.003	9.994662190424563
2124	3e0c00c1-529a-46da-85df-d010284e17b6	25.07214633429087	121.5306243750824	2025-10-20 22:23:30.503	5.085812223546955
2125	203457b1-7d30-4c07-a6fe-a50952607556	24.99842710187108	121.5807627487148	2025-10-10 21:59:36.183	14.30845851868618
2126	203457b1-7d30-4c07-a6fe-a50952607556	25.00414764004818	121.5687684190416	2025-10-10 22:02:29.733	6.834168546911537
2127	203457b1-7d30-4c07-a6fe-a50952607556	25.01027832547553	121.5569427365173	2025-10-10 22:05:23.283	11.75290458316317
2128	203457b1-7d30-4c07-a6fe-a50952607556	25.01594045586162	121.5444816558803	2025-10-10 22:08:16.833	13.38467496661839
2129	203457b1-7d30-4c07-a6fe-a50952607556	25.02199315660024	121.532208309352	2025-10-10 22:11:10.383	14.36634199999021
2130	203457b1-7d30-4c07-a6fe-a50952607556	25.02769264739659	121.5198818724167	2025-10-10 22:14:03.933	7.808344266346117
2131	203457b1-7d30-4c07-a6fe-a50952607556	25.03295732055113	121.5080453396971	2025-10-10 22:16:57.483	11.58426789829015
2132	203457b1-7d30-4c07-a6fe-a50952607556	25.03780510503812	121.5062679982424	2025-10-10 22:19:51.033	5.56386703946262
2133	203457b1-7d30-4c07-a6fe-a50952607556	25.04068447084538	121.5230911892389	2025-10-10 22:22:44.583	14.84934440224476
2134	203457b1-7d30-4c07-a6fe-a50952607556	25.04429888519056	121.5411340774416	2025-10-10 22:25:38.133	7.911447992107363
2135	203457b1-7d30-4c07-a6fe-a50952607556	25.04721794036794	121.5585955782042	2025-10-10 22:28:31.683	12.95922527037481
2136	203457b1-7d30-4c07-a6fe-a50952607556	25.04946267655258	121.5771486376879	2025-10-10 22:31:25.233	14.35765158832327
2137	203457b1-7d30-4c07-a6fe-a50952607556	25.05256156811551	121.594942535624	2025-10-10 22:34:18.783	6.007442114113159
2138	203457b1-7d30-4c07-a6fe-a50952607556	25.05566462372245	121.6121112234733	2025-10-10 22:37:12.333	12.54694960850217
2139	203457b1-7d30-4c07-a6fe-a50952607556	25.05787617205144	121.6093898251115	2025-10-10 22:40:05.883	8.428619396288841
2140	203457b1-7d30-4c07-a6fe-a50952607556	25.06042800062772	121.5964267272576	2025-10-10 22:42:59.433	12.06780604552841
2141	203457b1-7d30-4c07-a6fe-a50952607556	25.06185266410296	121.5840241146652	2025-10-10 22:45:52.983	6.366491122995428
2142	203457b1-7d30-4c07-a6fe-a50952607556	25.0643815020195	121.570968313918	2025-10-10 22:48:46.533	14.74340472965132
2143	203457b1-7d30-4c07-a6fe-a50952607556	25.06686293266536	121.5577977028192	2025-10-10 22:51:40.083	11.87779853965136
2144	203457b1-7d30-4c07-a6fe-a50952607556	25.06893180297783	121.5443680543515	2025-10-10 22:54:33.633	5.590270216279278
2145	203457b1-7d30-4c07-a6fe-a50952607556	25.07129236834287	121.5316492805611	2025-10-10 22:57:27.183	11.22956289757423
2146	97de4394-84c4-4fb9-8dd3-6a7dc95ed1c6	25.15812700313835	121.539079731916	2025-10-29 06:44:51.683	7.600549491868387
2147	97de4394-84c4-4fb9-8dd3-6a7dc95ed1c6	25.14979844464128	121.5418559060516	2025-10-29 06:46:34.441	9.839145349573727
2148	97de4394-84c4-4fb9-8dd3-6a7dc95ed1c6	25.14039348193743	121.5439723250749	2025-10-29 06:48:17.2	8.265471234655575
2149	97de4394-84c4-4fb9-8dd3-6a7dc95ed1c6	25.13179724215196	121.5453166595694	2025-10-29 06:49:59.958	10.38940717965548
2150	97de4394-84c4-4fb9-8dd3-6a7dc95ed1c6	25.12211351621687	121.5483051034932	2025-10-29 06:51:42.717	5.462952372752721
2151	97de4394-84c4-4fb9-8dd3-6a7dc95ed1c6	25.11317380793394	121.5501419384223	2025-10-29 06:53:25.476	12.85495976477655
2152	97de4394-84c4-4fb9-8dd3-6a7dc95ed1c6	25.10380301229308	121.552653040645	2025-10-29 06:55:08.234	11.21250540873181
2153	97de4394-84c4-4fb9-8dd3-6a7dc95ed1c6	25.09544664099853	121.5545243688168	2025-10-29 06:56:50.993	14.80292824471811
2154	97de4394-84c4-4fb9-8dd3-6a7dc95ed1c6	25.08649488238445	121.5570667465009	2025-10-29 06:58:33.751	6.525461864359048
2155	97de4394-84c4-4fb9-8dd3-6a7dc95ed1c6	25.07746402822142	121.5593615964079	2025-10-29 07:00:16.51	7.51671721299968
2156	97de4394-84c4-4fb9-8dd3-6a7dc95ed1c6	25.06847154208653	121.5612858534694	2025-10-29 07:01:59.269	13.80714018292288
2157	97de4394-84c4-4fb9-8dd3-6a7dc95ed1c6	25.05917444574832	121.563486845948	2025-10-29 07:03:42.027	12.28782973589939
2158	97de4394-84c4-4fb9-8dd3-6a7dc95ed1c6	25.05033490652898	121.5655480777011	2025-10-29 07:05:24.786	13.23062490758688
2159	97de4394-84c4-4fb9-8dd3-6a7dc95ed1c6	25.04086242981458	121.5680815405348	2025-10-29 07:07:07.545	11.79143209925588
2160	97de4394-84c4-4fb9-8dd3-6a7dc95ed1c6	25.03231061313472	121.5694766343574	2025-10-29 07:08:50.303	5.728021744231667
2161	97de4394-84c4-4fb9-8dd3-6a7dc95ed1c6	25.02778472799921	121.568800033366	2025-10-29 07:10:33.062	8.99774508461128
2162	97de4394-84c4-4fb9-8dd3-6a7dc95ed1c6	25.02825028635717	121.5639479180794	2025-10-29 07:12:15.82	10.41181687494708
2163	97de4394-84c4-4fb9-8dd3-6a7dc95ed1c6	25.02912512392281	121.559249442243	2025-10-29 07:13:58.579	14.05102907592776
2164	97de4394-84c4-4fb9-8dd3-6a7dc95ed1c6	25.03006188119298	121.5540965703475	2025-10-29 07:15:41.338	6.588908572491894
2165	97de4394-84c4-4fb9-8dd3-6a7dc95ed1c6	25.03147364049761	121.5492698299296	2025-10-29 07:17:24.096	11.19085433520552
2166	97de4394-84c4-4fb9-8dd3-6a7dc95ed1c6	25.03262255424811	121.5450587687035	2025-10-29 07:19:06.855	14.27101318984809
2167	97de4394-84c4-4fb9-8dd3-6a7dc95ed1c6	25.03302345959278	121.5406863231442	2025-10-29 07:20:49.614	7.687599656499247
2168	97de4394-84c4-4fb9-8dd3-6a7dc95ed1c6	25.03380795577568	121.5354782442745	2025-10-29 07:22:32.372	5.414678011214562
2169	97de4394-84c4-4fb9-8dd3-6a7dc95ed1c6	25.03469167349179	121.530844946305	2025-10-29 07:24:15.131	12.92308763130361
2170	97de4394-84c4-4fb9-8dd3-6a7dc95ed1c6	25.03548252551647	121.5260666996962	2025-10-29 07:25:57.889	12.52777527573136
2171	97de4394-84c4-4fb9-8dd3-6a7dc95ed1c6	25.03623736736319	121.5215956455804	2025-10-29 07:27:40.648	11.96151736443269
2172	97de4394-84c4-4fb9-8dd3-6a7dc95ed1c6	25.03775619374412	121.516887902416	2025-10-29 07:29:23.407	11.96011620137973
2173	97de4394-84c4-4fb9-8dd3-6a7dc95ed1c6	25.03863874686843	121.5123162134044	2025-10-29 07:31:06.165	14.91435589923098
2174	97de4394-84c4-4fb9-8dd3-6a7dc95ed1c6	25.03974272710176	121.506948159761	2025-10-29 07:32:48.924	5.276046756648114
2175	97de4394-84c4-4fb9-8dd3-6a7dc95ed1c6	25.0397501364959	121.5024363753231	2025-10-29 07:34:31.683	13.11685272262586
2176	c8f1e8cf-2e5e-4490-b873-5172d8032852	25.06240992249542	121.5341825816265	2025-11-05 15:17:33.112	10.09988817808864
2177	c8f1e8cf-2e5e-4490-b873-5172d8032852	25.06168053078549	121.5326356863223	2025-11-05 15:18:58.355	10.75892546332661
2178	c8f1e8cf-2e5e-4490-b873-5172d8032852	25.06043061988305	121.530367975101	2025-11-05 15:20:23.598	9.378806255297258
2179	c8f1e8cf-2e5e-4490-b873-5172d8032852	25.05904611738826	121.5291330632594	2025-11-05 15:21:48.841	8.23621788072882
2180	c8f1e8cf-2e5e-4490-b873-5172d8032852	25.05764728855653	121.5275725982021	2025-11-05 15:23:14.084	5.387381103558109
2181	c8f1e8cf-2e5e-4490-b873-5172d8032852	25.05618496091046	121.526190046318	2025-11-05 15:24:39.328	11.47485753996811
2182	c8f1e8cf-2e5e-4490-b873-5172d8032852	25.05492610669703	121.5237373692455	2025-11-05 15:26:04.571	12.97067124827653
2183	c8f1e8cf-2e5e-4490-b873-5172d8032852	25.053577204575	121.5225603434534	2025-11-05 15:27:29.814	14.442935391041
2184	c8f1e8cf-2e5e-4490-b873-5172d8032852	25.05199321165158	121.5206343145529	2025-11-05 15:28:55.057	5.703734420365681
2185	c8f1e8cf-2e5e-4490-b873-5172d8032852	25.05118344745004	121.5193666383506	2025-11-05 15:30:20.301	12.93391374111525
2186	c8f1e8cf-2e5e-4490-b873-5172d8032852	25.05153362692758	121.518300341407	2025-11-05 15:31:45.544	14.80852799772046
2187	c8f1e8cf-2e5e-4490-b873-5172d8032852	25.05122182007808	121.5169395789169	2025-11-05 15:33:10.787	8.92844733094178
2188	c8f1e8cf-2e5e-4490-b873-5172d8032852	25.05261196009363	121.516350770339	2025-11-05 15:34:36.03	10.46754607766934
2189	c8f1e8cf-2e5e-4490-b873-5172d8032852	25.05312190965578	121.515362836536	2025-11-05 15:36:01.274	6.633877335308296
2190	c8f1e8cf-2e5e-4490-b873-5172d8032852	25.05338072414486	121.5147838374969	2025-11-05 15:37:26.517	11.8082082161251
2191	c8f1e8cf-2e5e-4490-b873-5172d8032852	25.05329223175497	121.5131952470669	2025-11-05 15:38:51.76	14.83520604958356
2192	c8f1e8cf-2e5e-4490-b873-5172d8032852	25.05456389746946	121.5125842133087	2025-11-05 15:40:17.003	11.94470650328629
2193	c8f1e8cf-2e5e-4490-b873-5172d8032852	25.05465434609076	121.5113541212723	2025-11-05 15:41:42.247	9.069336696559002
2194	c8f1e8cf-2e5e-4490-b873-5172d8032852	25.05516355512208	121.5102026000665	2025-11-05 15:43:07.49	5.553849158970174
2195	c8f1e8cf-2e5e-4490-b873-5172d8032852	25.05217808467759	121.5140250296244	2025-11-05 15:44:32.733	14.55974417528773
2196	c8f1e8cf-2e5e-4490-b873-5172d8032852	25.04660524588409	121.5219430146006	2025-11-05 15:45:57.976	8.629271232239601
2197	c8f1e8cf-2e5e-4490-b873-5172d8032852	25.04006269775861	121.5296244698001	2025-11-05 15:47:23.22	8.242442557742946
2198	c8f1e8cf-2e5e-4490-b873-5172d8032852	25.03398675210713	121.5370022226055	2025-11-05 15:48:48.463	8.900794503638634
2199	c8f1e8cf-2e5e-4490-b873-5172d8032852	25.02736250476233	121.5451238431963	2025-11-05 15:50:13.706	5.343990256309452
2200	c8f1e8cf-2e5e-4490-b873-5172d8032852	25.02196928768915	121.5524292754338	2025-11-05 15:51:38.949	8.574811446922537
2201	c8f1e8cf-2e5e-4490-b873-5172d8032852	25.01597948230028	121.5599954205273	2025-11-05 15:53:04.193	6.500915721938265
2202	c8f1e8cf-2e5e-4490-b873-5172d8032852	25.00909258775213	121.5671329274252	2025-11-05 15:54:29.436	12.80162805623042
2203	c8f1e8cf-2e5e-4490-b873-5172d8032852	25.00362531909668	121.5751034185813	2025-11-05 15:55:54.679	14.13988621389363
2204	c8f1e8cf-2e5e-4490-b873-5172d8032852	25.00098680147212	121.5807923133639	2025-11-05 15:57:19.922	10.3908247647418
2205	c8f1e8cf-2e5e-4490-b873-5172d8032852	25.01186052071564	121.5822784806408	2025-11-05 15:58:45.166	13.82304609526429
2206	c8f1e8cf-2e5e-4490-b873-5172d8032852	25.0222370513949	121.5822969385448	2025-11-05 16:00:10.409	12.487755800176
2207	c8f1e8cf-2e5e-4490-b873-5172d8032852	25.0326908444285	121.5835567615167	2025-11-05 16:01:35.652	14.45382037875994
2208	c8f1e8cf-2e5e-4490-b873-5172d8032852	25.04393144132418	121.5840879503765	2025-11-05 16:03:00.895	7.513706023620554
2209	c8f1e8cf-2e5e-4490-b873-5172d8032852	25.05399572594703	121.5843428601388	2025-11-05 16:04:26.139	7.646261856411865
2210	c8f1e8cf-2e5e-4490-b873-5172d8032852	25.06495136733213	121.5854189567309	2025-11-05 16:05:51.382	12.38847574882255
2211	c8f1e8cf-2e5e-4490-b873-5172d8032852	25.07571248916158	121.5867123539223	2025-11-05 16:07:16.625	9.37220461224438
2212	c8f1e8cf-2e5e-4490-b873-5172d8032852	25.08627368553775	121.587062221757	2025-11-05 16:08:41.868	7.055264887251555
2213	c8f1e8cf-2e5e-4490-b873-5172d8032852	25.09731615275056	121.5874452349914	2025-11-05 16:10:07.112	6.465593513809383
2214	091130e2-65f3-48f7-86b6-5d4fd211a06e	25.1381127905508	121.511836848457	2025-10-25 20:54:20.272	6.867897382555476
2215	091130e2-65f3-48f7-86b6-5d4fd211a06e	25.14048112959814	121.5060522139558	2025-10-25 20:56:38.605	10.96244196751758
2216	091130e2-65f3-48f7-86b6-5d4fd211a06e	25.14406450126576	121.5004447953186	2025-10-25 20:58:56.938	5.671779216239785
2217	091130e2-65f3-48f7-86b6-5d4fd211a06e	25.14668194903673	121.4946958739158	2025-10-25 21:01:15.272	6.785456885263141
2218	091130e2-65f3-48f7-86b6-5d4fd211a06e	25.15001435114647	121.4885982730992	2025-10-25 21:03:33.605	6.781561532097216
2219	091130e2-65f3-48f7-86b6-5d4fd211a06e	25.15221971711825	121.4826604730159	2025-10-25 21:05:51.938	5.694894873494611
2220	091130e2-65f3-48f7-86b6-5d4fd211a06e	25.15531432223962	121.4769427363895	2025-10-25 21:08:10.272	11.92039321777202
2221	091130e2-65f3-48f7-86b6-5d4fd211a06e	25.15901566215857	121.4718956549371	2025-10-25 21:10:28.605	7.098610520448254
2222	091130e2-65f3-48f7-86b6-5d4fd211a06e	25.16165864708488	121.466235339731	2025-10-25 21:12:46.938	14.39536298237499
2223	091130e2-65f3-48f7-86b6-5d4fd211a06e	25.16445727229926	121.4599013277562	2025-10-25 21:15:05.272	8.566622152440882
2224	091130e2-65f3-48f7-86b6-5d4fd211a06e	25.16743866426337	121.4540367811217	2025-10-25 21:17:23.605	13.91654153247179
2225	091130e2-65f3-48f7-86b6-5d4fd211a06e	25.1698869170226	121.4486057409111	2025-10-25 21:19:41.938	14.09515554609012
2226	091130e2-65f3-48f7-86b6-5d4fd211a06e	25.17307009629249	121.4426951236828	2025-10-25 21:22:00.272	7.676891593951978
2227	091130e2-65f3-48f7-86b6-5d4fd211a06e	25.17610021509018	121.4369034955006	2025-10-25 21:24:18.605	9.511300665206289
2228	091130e2-65f3-48f7-86b6-5d4fd211a06e	25.16617527479923	121.4451693435025	2025-10-25 21:26:36.938	13.70549819616459
2229	091130e2-65f3-48f7-86b6-5d4fd211a06e	25.15542995380208	121.4534343502729	2025-10-25 21:28:55.272	10.13422679349009
2230	091130e2-65f3-48f7-86b6-5d4fd211a06e	25.14558325858161	121.4624755011753	2025-10-25 21:31:13.605	8.343272438850416
2231	091130e2-65f3-48f7-86b6-5d4fd211a06e	25.13549447323734	121.4702960762258	2025-10-25 21:33:31.938	10.04244145943266
2232	091130e2-65f3-48f7-86b6-5d4fd211a06e	25.12503742578715	121.4786374862911	2025-10-25 21:35:50.272	13.53942797252226
2233	091130e2-65f3-48f7-86b6-5d4fd211a06e	25.11445159353014	121.4873749253778	2025-10-25 21:38:08.605	12.60836470195224
2234	091130e2-65f3-48f7-86b6-5d4fd211a06e	25.10458769153397	121.4954217715382	2025-10-25 21:40:26.938	13.67722089773823
2235	091130e2-65f3-48f7-86b6-5d4fd211a06e	25.09380456937695	121.5045441351546	2025-10-25 21:42:45.272	10.29780799032137
2236	091130e2-65f3-48f7-86b6-5d4fd211a06e	25.08337596044908	121.5128872196874	2025-10-25 21:45:03.605	6.63659157849861
2237	091130e2-65f3-48f7-86b6-5d4fd211a06e	25.0740190544377	121.520713552195	2025-10-25 21:47:21.938	6.511397288508485
2238	091130e2-65f3-48f7-86b6-5d4fd211a06e	25.06356400249724	121.5294364452215	2025-10-25 21:49:40.272	11.86625492713699
2239	091130e2-65f3-48f7-86b6-5d4fd211a06e	25.05302869233912	121.5379245260576	2025-10-25 21:51:58.605	8.928624179906627
2240	091130e2-65f3-48f7-86b6-5d4fd211a06e	25.04296407934305	121.5461700232412	2025-10-25 21:54:16.938	5.082582033084327
2241	091130e2-65f3-48f7-86b6-5d4fd211a06e	25.0479229862066	121.5703964678772	2025-10-25 21:56:35.272	14.67133955955579
2242	091130e2-65f3-48f7-86b6-5d4fd211a06e	25.05238019607784	121.5941705371792	2025-10-25 21:58:53.605	9.641263649969572
2243	091130e2-65f3-48f7-86b6-5d4fd211a06e	25.05703512194205	121.6184073283197	2025-10-25 22:01:11.938	11.65079455765775
2244	091130e2-65f3-48f7-86b6-5d4fd211a06e	25.06241036678963	121.6423861225135	2025-10-25 22:03:30.272	8.91809937839499
2245	091130e2-65f3-48f7-86b6-5d4fd211a06e	25.06721641571774	121.6665244011417	2025-10-25 22:05:48.605	7.888171567558937
2246	091130e2-65f3-48f7-86b6-5d4fd211a06e	25.07171128369993	121.6912360993786	2025-10-25 22:08:06.938	10.7994109191555
2247	091130e2-65f3-48f7-86b6-5d4fd211a06e	25.07667589448837	121.7146670841066	2025-10-25 22:10:25.272	6.329089734855549
2248	091130e2-65f3-48f7-86b6-5d4fd211a06e	25.08189644367221	121.739485616823	2025-10-25 22:12:43.605	13.2652098955816
2249	091130e2-65f3-48f7-86b6-5d4fd211a06e	25.08670922714947	121.763515972847	2025-10-25 22:15:01.938	5.188897101119312
2250	091130e2-65f3-48f7-86b6-5d4fd211a06e	25.09194992210206	121.7869348793007	2025-10-25 22:17:20.272	9.67086505516926
2251	091130e2-65f3-48f7-86b6-5d4fd211a06e	25.09669697542936	121.8117859055023	2025-10-25 22:19:38.605	12.35114418519973
2252	091130e2-65f3-48f7-86b6-5d4fd211a06e	25.10124617672725	121.8358405167347	2025-10-25 22:21:56.938	13.70201519025755
2253	091130e2-65f3-48f7-86b6-5d4fd211a06e	25.10585851968821	121.8599013871113	2025-10-25 22:24:15.272	7.39717099622629
2254	7edf0c70-98c7-412b-9661-3fac6ae1de68	25.17585226407745	121.4373844800376	2025-11-02 11:28:05.537	11.72445335590417
2255	7edf0c70-98c7-412b-9661-3fac6ae1de68	25.17476576230402	121.4379414160717	2025-11-02 11:29:42.037	10.22602693945509
2256	7edf0c70-98c7-412b-9661-3fac6ae1de68	25.17316557599741	121.4378810559841	2025-11-02 11:31:18.537	14.17153092718222
2257	7edf0c70-98c7-412b-9661-3fac6ae1de68	25.17175633006106	121.4389441840931	2025-11-02 11:32:55.037	6.074827520008032
2258	7edf0c70-98c7-412b-9661-3fac6ae1de68	25.1707480449308	121.440052275012	2025-11-02 11:34:31.537	13.25191823065787
2259	7edf0c70-98c7-412b-9661-3fac6ae1de68	25.16910051812281	121.4405511284721	2025-11-02 11:36:08.037	14.42763143336656
2260	7edf0c70-98c7-412b-9661-3fac6ae1de68	25.16821655876529	121.4409530754559	2025-11-02 11:37:44.537	5.692472889252864
2261	7edf0c70-98c7-412b-9661-3fac6ae1de68	25.16611324254404	121.4419799489651	2025-11-02 11:39:21.037	13.95950463748669
2262	7edf0c70-98c7-412b-9661-3fac6ae1de68	25.16471184669377	121.4419427970317	2025-11-02 11:40:57.537	14.97842259933078
2263	7edf0c70-98c7-412b-9661-3fac6ae1de68	25.1640887273534	121.4429538631629	2025-11-02 11:42:34.037	7.138853663305095
2264	7edf0c70-98c7-412b-9661-3fac6ae1de68	25.1624675284438	121.4438997033963	2025-11-02 11:44:10.537	6.257175729036987
2265	7edf0c70-98c7-412b-9661-3fac6ae1de68	25.16113246024082	121.4440907031347	2025-11-02 11:45:47.037	13.19562660163758
2266	7edf0c70-98c7-412b-9661-3fac6ae1de68	25.15968839533623	121.4448470615247	2025-11-02 11:47:23.537	9.171110844787298
2267	7edf0c70-98c7-412b-9661-3fac6ae1de68	25.1576923447268	121.4453152086165	2025-11-02 11:49:00.037	13.11846093626744
2268	7edf0c70-98c7-412b-9661-3fac6ae1de68	25.15696680208417	121.446191110792	2025-11-02 11:50:36.537	9.386867860028092
2269	7edf0c70-98c7-412b-9661-3fac6ae1de68	25.15519181564561	121.4466084360303	2025-11-02 11:52:13.037	10.19873337500555
2270	7edf0c70-98c7-412b-9661-3fac6ae1de68	25.15348862583628	121.4475634600552	2025-11-02 11:53:49.537	6.20337230990887
2271	7edf0c70-98c7-412b-9661-3fac6ae1de68	25.15258102178935	121.4476508324379	2025-11-02 11:55:26.037	5.003645079626859
2272	7edf0c70-98c7-412b-9661-3fac6ae1de68	25.15155725973908	121.4485980050781	2025-11-02 11:57:02.537	9.144668634256996
2273	7edf0c70-98c7-412b-9661-3fac6ae1de68	25.14962348141343	121.4487236018319	2025-11-02 11:58:39.037	5.359176914187893
2274	7edf0c70-98c7-412b-9661-3fac6ae1de68	25.14793666109738	121.4499314710906	2025-11-02 12:00:15.537	6.824347540769836
2275	7edf0c70-98c7-412b-9661-3fac6ae1de68	25.14697875913399	121.4503133999102	2025-11-02 12:01:52.037	7.88485360854839
2276	7edf0c70-98c7-412b-9661-3fac6ae1de68	25.14567754103913	121.4514400883764	2025-11-02 12:03:28.537	14.51171248001083
2277	7edf0c70-98c7-412b-9661-3fac6ae1de68	25.1442174977466	121.4516242637939	2025-11-02 12:05:05.037	14.11058932438252
2278	7edf0c70-98c7-412b-9661-3fac6ae1de68	25.14311424732862	121.4520411043741	2025-11-02 12:06:41.537	14.48208812468525
2279	7edf0c70-98c7-412b-9661-3fac6ae1de68	25.14116930905205	121.4525677215307	2025-11-02 12:08:18.037	9.701708812192862
2280	7edf0c70-98c7-412b-9661-3fac6ae1de68	25.13973218654678	121.453532785179	2025-11-02 12:09:54.537	8.120410634961077
2281	7edf0c70-98c7-412b-9661-3fac6ae1de68	25.13871629991623	121.4542166929074	2025-11-02 12:11:31.037	10.62853625421289
2282	7edf0c70-98c7-412b-9661-3fac6ae1de68	25.13672079308512	121.4546820199556	2025-11-02 12:13:07.537	8.60253504990552
2283	7edf0c70-98c7-412b-9661-3fac6ae1de68	25.13592085345334	121.455163565693	2025-11-02 12:14:44.037	14.38647553602712
2284	7edf0c70-98c7-412b-9661-3fac6ae1de68	25.13486565562664	121.4564197952299	2025-11-02 12:16:20.537	8.316906737456693
2285	7edf0c70-98c7-412b-9661-3fac6ae1de68	25.13311809409522	121.4565268613265	2025-11-02 12:17:57.037	5.776774474986408
2286	7edf0c70-98c7-412b-9661-3fac6ae1de68	25.1319086317612	121.457244262028	2025-11-02 12:19:33.537	14.44650537129789
2287	7edf0c70-98c7-412b-9661-3fac6ae1de68	25.12992058165563	121.4576894686801	2025-11-02 12:21:10.037	12.48309558463081
2288	7edf0c70-98c7-412b-9661-3fac6ae1de68	25.12912664307887	121.4592873786097	2025-11-02 12:22:46.537	6.791617952629691
2289	7edf0c70-98c7-412b-9661-3fac6ae1de68	25.1278485889293	121.459705431191	2025-11-02 12:24:23.037	7.692669714115532
2290	7edf0c70-98c7-412b-9661-3fac6ae1de68	25.12560123081697	121.4602347338717	2025-11-02 12:25:59.537	9.64572650303923
2291	7edf0c70-98c7-412b-9661-3fac6ae1de68	25.12423652499266	121.461079984723	2025-11-02 12:27:36.037	6.841846628566179
2292	7edf0c70-98c7-412b-9661-3fac6ae1de68	25.12375520440475	121.461374412025	2025-11-02 12:29:12.537	10.38731937703252
2293	7edf0c70-98c7-412b-9661-3fac6ae1de68	25.12156262915889	121.461836922914	2025-11-02 12:30:49.037	5.347171375206335
2294	7edf0c70-98c7-412b-9661-3fac6ae1de68	25.12074699654512	121.4623754714183	2025-11-02 12:32:25.537	9.829319161228955
2295	7edf0c70-98c7-412b-9661-3fac6ae1de68	25.1192821063604	121.4631380974577	2025-11-02 12:34:02.037	8.2776841035302
2296	7edf0c70-98c7-412b-9661-3fac6ae1de68	25.11744563149946	121.4643502191859	2025-11-02 12:35:38.537	14.20004242624958
2297	18e2059b-5058-452e-9574-86e3ec0177f9	25.17664141326755	121.4370618125663	2025-11-08 12:49:30.931	14.7877973880143
2298	18e2059b-5058-452e-9574-86e3ec0177f9	25.17131797417199	121.4393060587042	2025-11-08 12:51:12.546	12.06193220889782
2299	18e2059b-5058-452e-9574-86e3ec0177f9	25.16761873884794	121.4406646908005	2025-11-08 12:52:54.161	5.940821168512064
2300	18e2059b-5058-452e-9574-86e3ec0177f9	25.16254246658879	121.4429262591365	2025-11-08 12:54:35.777	12.10183122097261
2301	18e2059b-5058-452e-9574-86e3ec0177f9	25.15795622116925	121.4448386150484	2025-11-08 12:56:17.392	5.235054724192151
2302	18e2059b-5058-452e-9574-86e3ec0177f9	25.15367916725126	121.447175209131	2025-11-08 12:57:59.007	5.532149323228754
2303	18e2059b-5058-452e-9574-86e3ec0177f9	25.14911022019982	121.4496911654716	2025-11-08 12:59:40.623	7.905337735195854
2304	18e2059b-5058-452e-9574-86e3ec0177f9	25.14500360270692	121.4513364179669	2025-11-08 13:01:22.238	6.510942876015157
2305	18e2059b-5058-452e-9574-86e3ec0177f9	25.14069511848931	121.4535018406389	2025-11-08 13:03:03.854	12.13398115098159
2306	18e2059b-5058-452e-9574-86e3ec0177f9	25.13608438059885	121.455893703665	2025-11-08 13:04:45.469	14.14390647525027
2307	18e2059b-5058-452e-9574-86e3ec0177f9	25.13151121551623	121.4578115637914	2025-11-08 13:06:27.084	14.51712810200295
2308	18e2059b-5058-452e-9574-86e3ec0177f9	25.12682951860116	121.4596200742752	2025-11-08 13:08:08.7	13.83760337717152
2309	18e2059b-5058-452e-9574-86e3ec0177f9	25.12225240747768	121.4623370516938	2025-11-08 13:09:50.315	8.603641061841053
2310	18e2059b-5058-452e-9574-86e3ec0177f9	25.11750115545657	121.4636674220924	2025-11-08 13:11:31.931	12.2810362201176
2311	18e2059b-5058-452e-9574-86e3ec0177f9	25.11209832722262	121.4703571350096	2025-11-08 13:13:13.546	8.76358910082316
2312	18e2059b-5058-452e-9574-86e3ec0177f9	25.10601506899715	121.4767214635475	2025-11-08 13:14:55.161	6.213359661512897
2313	18e2059b-5058-452e-9574-86e3ec0177f9	25.10052801729896	121.4833308198666	2025-11-08 13:16:36.777	11.75875057081065
2314	18e2059b-5058-452e-9574-86e3ec0177f9	25.09448295329285	121.4894836879559	2025-11-08 13:18:18.392	12.04442066116179
2315	18e2059b-5058-452e-9574-86e3ec0177f9	25.08922142021676	121.4956367766752	2025-11-08 13:20:00.007	8.135228201158125
2316	18e2059b-5058-452e-9574-86e3ec0177f9	25.08275691119512	121.5023765301866	2025-11-08 13:21:41.623	12.82753353014782
2317	18e2059b-5058-452e-9574-86e3ec0177f9	25.07737753996374	121.5080593464617	2025-11-08 13:23:23.238	10.43309604933302
2318	18e2059b-5058-452e-9574-86e3ec0177f9	25.07118314525536	121.514825454687	2025-11-08 13:25:04.854	8.581988521365764
2319	18e2059b-5058-452e-9574-86e3ec0177f9	25.06580379355503	121.5205085182315	2025-11-08 13:26:46.469	6.354970585866917
2320	18e2059b-5058-452e-9574-86e3ec0177f9	25.06032104318211	121.5276695684102	2025-11-08 13:28:28.084	12.20452973293443
2321	18e2059b-5058-452e-9574-86e3ec0177f9	25.05388972719677	121.5339127387758	2025-11-08 13:30:09.7	7.930030411498555
2322	18e2059b-5058-452e-9574-86e3ec0177f9	25.04877750888675	121.5399009393479	2025-11-08 13:31:51.315	11.59842741780168
2323	18e2059b-5058-452e-9574-86e3ec0177f9	25.04253171197839	121.5462596974635	2025-11-08 13:33:32.931	14.2000685417912
2324	95587a0f-bdb4-446e-85a2-81596bfe0d4c	25.02502546780185	121.5795058038349	2025-10-14 07:47:57.447	10.43882184894912
2325	95587a0f-bdb4-446e-85a2-81596bfe0d4c	25.02949348303087	121.5791100994575	2025-10-14 07:49:51.497	9.731156848115143
2326	95587a0f-bdb4-446e-85a2-81596bfe0d4c	25.03440581391403	121.5800703474781	2025-10-14 07:51:45.547	12.09038053921205
2327	95587a0f-bdb4-446e-85a2-81596bfe0d4c	25.03853268634665	121.580278552792	2025-10-14 07:53:39.597	13.13014111200596
2328	95587a0f-bdb4-446e-85a2-81596bfe0d4c	25.04265081943739	121.580724141968	2025-10-14 07:55:33.647	6.767276961463329
2329	95587a0f-bdb4-446e-85a2-81596bfe0d4c	25.04656156671435	121.5801914777374	2025-10-14 07:57:27.697	6.153822156688999
2330	95587a0f-bdb4-446e-85a2-81596bfe0d4c	25.05078222001413	121.5810879509782	2025-10-14 07:59:21.747	13.69471238345692
2331	95587a0f-bdb4-446e-85a2-81596bfe0d4c	25.05588580306208	121.5816125958719	2025-10-14 08:01:15.797	6.772598127804099
2332	95587a0f-bdb4-446e-85a2-81596bfe0d4c	25.05973979455031	121.5818695003234	2025-10-14 08:03:09.847	14.28176558295141
2333	95587a0f-bdb4-446e-85a2-81596bfe0d4c	25.06457685681433	121.5813729784479	2025-10-14 08:05:03.897	6.197692028333917
2334	95587a0f-bdb4-446e-85a2-81596bfe0d4c	25.06859670550199	121.5819491543636	2025-10-14 08:06:57.947	12.9021265523423
2335	95587a0f-bdb4-446e-85a2-81596bfe0d4c	25.07323258056426	121.5825360532885	2025-10-14 08:08:51.997	12.96693783130329
2336	95587a0f-bdb4-446e-85a2-81596bfe0d4c	25.07717537238008	121.5829632953974	2025-10-14 08:10:46.047	6.55838578532022
2337	95587a0f-bdb4-446e-85a2-81596bfe0d4c	25.0819278202902	121.5825043391	2025-10-14 08:12:40.097	9.645421005390457
2338	95587a0f-bdb4-446e-85a2-81596bfe0d4c	25.08602582078412	121.582789253372	2025-10-14 08:14:34.147	12.00435885206811
2339	95587a0f-bdb4-446e-85a2-81596bfe0d4c	25.09033134873768	121.5837336199535	2025-10-14 08:16:28.197	9.80247739624126
2340	95587a0f-bdb4-446e-85a2-81596bfe0d4c	25.09440342358126	121.5839835490311	2025-10-14 08:18:22.247	10.23998642792074
2341	95587a0f-bdb4-446e-85a2-81596bfe0d4c	25.09935129845432	121.5839522365932	2025-10-14 08:20:16.297	7.28987732248317
2342	95587a0f-bdb4-446e-85a2-81596bfe0d4c	25.10348882812416	121.5836803403143	2025-10-14 08:22:10.347	6.771252882237824
2343	95587a0f-bdb4-446e-85a2-81596bfe0d4c	25.10714536268014	121.5844788706782	2025-10-14 08:24:04.397	14.49741419058397
2344	95587a0f-bdb4-446e-85a2-81596bfe0d4c	25.11233385608478	121.5850824256877	2025-10-14 08:25:58.447	8.911812762306333
2345	8725d767-d006-4169-a324-89cf9a6d4b50	25.17299758689542	121.533779948576	2025-10-21 00:23:16.482	12.27690049671062
2346	8725d767-d006-4169-a324-89cf9a6d4b50	25.15268858206185	121.5397030724043	2025-10-21 00:25:31.715	13.28457158847405
2347	8725d767-d006-4169-a324-89cf9a6d4b50	25.13362524196471	121.5459721086876	2025-10-21 00:27:46.948	5.398851815381553
2348	8725d767-d006-4169-a324-89cf9a6d4b50	25.11341890794533	121.5514489475444	2025-10-21 00:30:02.182	11.92694152480504
2349	8725d767-d006-4169-a324-89cf9a6d4b50	25.09367489826306	121.5582552494455	2025-10-21 00:32:17.415	14.12764921850376
2350	8725d767-d006-4169-a324-89cf9a6d4b50	25.07462653310684	121.5636138765477	2025-10-21 00:34:32.648	13.12435430877099
2351	8725d767-d006-4169-a324-89cf9a6d4b50	25.05442455951447	121.5702793323616	2025-10-21 00:36:47.882	9.937363829863815
2352	8725d767-d006-4169-a324-89cf9a6d4b50	25.03509423117635	121.5765179624224	2025-10-21 00:39:03.115	12.0671354344505
2353	8725d767-d006-4169-a324-89cf9a6d4b50	25.03575799180645	121.577045227349	2025-10-21 00:41:18.348	5.169094205400047
2354	8725d767-d006-4169-a324-89cf9a6d4b50	25.05536480333925	121.5732315851885	2025-10-21 00:43:33.582	8.371006123331
2355	8725d767-d006-4169-a324-89cf9a6d4b50	25.07603404208706	121.5684704921125	2025-10-21 00:45:48.815	13.58175682549704
2356	8725d767-d006-4169-a324-89cf9a6d4b50	25.09554452601845	121.5638900563935	2025-10-21 00:48:04.048	5.981459729695063
2357	8725d767-d006-4169-a324-89cf9a6d4b50	25.11564966849335	121.5602437111731	2025-10-21 00:50:19.282	13.7406993893696
2358	8725d767-d006-4169-a324-89cf9a6d4b50	25.13631840169977	121.5553631989334	2025-10-21 00:52:34.515	8.129391631309197
2359	8725d767-d006-4169-a324-89cf9a6d4b50	25.15694994942995	121.5514050973089	2025-10-21 00:54:49.748	7.843027362551132
2360	8725d767-d006-4169-a324-89cf9a6d4b50	25.17686433264491	121.5467375374474	2025-10-21 00:57:04.982	8.59381174930608
2361	8725d767-d006-4169-a324-89cf9a6d4b50	25.16409501529433	121.5474397726376	2025-10-21 00:59:20.215	5.698222150579113
2362	8725d767-d006-4169-a324-89cf9a6d4b50	25.15265381843064	121.5480866115688	2025-10-21 01:01:35.448	11.75049914956423
2363	8725d767-d006-4169-a324-89cf9a6d4b50	25.14079905445058	121.5489166511783	2025-10-21 01:03:50.682	12.78358644018746
2364	8725d767-d006-4169-a324-89cf9a6d4b50	25.12805658346858	121.5503427776231	2025-10-21 01:06:05.915	7.699037252902916
2365	8725d767-d006-4169-a324-89cf9a6d4b50	25.11622375663557	121.5504182038997	2025-10-21 01:08:21.148	5.138380715830591
2366	8725d767-d006-4169-a324-89cf9a6d4b50	25.10453177332231	121.5514605268886	2025-10-21 01:10:36.382	7.186397879978021
2367	8725d767-d006-4169-a324-89cf9a6d4b50	25.09254130672845	121.5519379054374	2025-10-21 01:12:51.615	9.453361015866285
2368	8725d767-d006-4169-a324-89cf9a6d4b50	25.08641771539662	121.5544156470616	2025-10-21 01:15:06.848	13.77861210265894
2369	8725d767-d006-4169-a324-89cf9a6d4b50	25.0884950768362	121.5593492115189	2025-10-21 01:17:22.082	13.07757578768821
2370	8725d767-d006-4169-a324-89cf9a6d4b50	25.09032694878054	121.5634667200426	2025-10-21 01:19:37.315	5.443609254030206
2371	8725d767-d006-4169-a324-89cf9a6d4b50	25.09207389203869	121.5678581225913	2025-10-21 01:21:52.548	5.444617809463548
2372	8725d767-d006-4169-a324-89cf9a6d4b50	25.09300461834772	121.5716676314567	2025-10-21 01:24:07.782	5.552335066093155
2373	8725d767-d006-4169-a324-89cf9a6d4b50	25.09507872215881	121.5770500183691	2025-10-21 01:26:23.015	14.10203305851936
2374	8725d767-d006-4169-a324-89cf9a6d4b50	25.09604929453738	121.5805191832525	2025-10-21 01:28:38.248	11.6009946176492
2375	8725d767-d006-4169-a324-89cf9a6d4b50	25.0986504766527	121.585445733252	2025-10-21 01:30:53.482	5.431262828335248
2376	188f24e7-1326-4f31-9846-3b5857f86abb	25.17245617030797	121.5336661584808	2025-10-21 18:53:14.894	10.70524822895059
2377	188f24e7-1326-4f31-9846-3b5857f86abb	25.16861460741301	121.5367757862704	2025-10-21 18:54:47.439	8.602767082275252
2378	188f24e7-1326-4f31-9846-3b5857f86abb	25.16426989509955	121.5394656075689	2025-10-21 18:56:19.984	8.974702552772445
2379	188f24e7-1326-4f31-9846-3b5857f86abb	25.15901669857151	121.5429323983579	2025-10-21 18:57:52.53	12.58020001993876
2380	188f24e7-1326-4f31-9846-3b5857f86abb	25.15450609706382	121.5468549702283	2025-10-21 18:59:25.075	6.450864993181263
2381	188f24e7-1326-4f31-9846-3b5857f86abb	25.15048413159541	121.5495697037743	2025-10-21 19:00:57.621	11.90812184576623
2382	188f24e7-1326-4f31-9846-3b5857f86abb	25.14611889707742	121.5530859789723	2025-10-21 19:02:30.166	12.3736937656919
2383	188f24e7-1326-4f31-9846-3b5857f86abb	25.1416704934855	121.5564339738223	2025-10-21 19:04:02.712	12.12004469332173
2384	188f24e7-1326-4f31-9846-3b5857f86abb	25.13766453430071	121.5599729992309	2025-10-21 19:05:35.257	8.527180319017717
2385	188f24e7-1326-4f31-9846-3b5857f86abb	25.13235049373247	121.5626054255039	2025-10-21 19:07:07.803	6.12388767470943
2386	188f24e7-1326-4f31-9846-3b5857f86abb	25.12826481366105	121.5662368659564	2025-10-21 19:08:40.348	5.338822560777825
2387	188f24e7-1326-4f31-9846-3b5857f86abb	25.12378837799866	121.5693872046699	2025-10-21 19:10:12.894	5.828548470611834
2388	188f24e7-1326-4f31-9846-3b5857f86abb	25.11968839910184	121.5727251112621	2025-10-21 19:11:45.439	9.004618398227525
2389	188f24e7-1326-4f31-9846-3b5857f86abb	25.11559511010087	121.5757661665096	2025-10-21 19:13:17.984	9.943777085207246
2390	188f24e7-1326-4f31-9846-3b5857f86abb	25.11121670475527	121.5788947743237	2025-10-21 19:14:50.53	7.330607143897967
2391	188f24e7-1326-4f31-9846-3b5857f86abb	25.10647609951068	121.5828214465684	2025-10-21 19:16:23.075	8.405174171692856
2392	188f24e7-1326-4f31-9846-3b5857f86abb	25.10196743973617	121.5859061702496	2025-10-21 19:17:55.621	5.238101760876241
2393	188f24e7-1326-4f31-9846-3b5857f86abb	25.09903131986443	121.5860702091462	2025-10-21 19:19:28.166	13.64920377261334
2394	188f24e7-1326-4f31-9846-3b5857f86abb	25.09680414053269	121.582616622388	2025-10-21 19:21:00.712	7.96687624284557
2395	188f24e7-1326-4f31-9846-3b5857f86abb	25.09407071405218	121.5791377424049	2025-10-21 19:22:33.257	6.029446182202132
2396	188f24e7-1326-4f31-9846-3b5857f86abb	25.09179867708555	121.5758936141338	2025-10-21 19:24:05.803	13.50520113639755
2397	188f24e7-1326-4f31-9846-3b5857f86abb	25.08959051236629	121.5722760787189	2025-10-21 19:25:38.348	11.67654615516757
2398	188f24e7-1326-4f31-9846-3b5857f86abb	25.08702495965419	121.5691329213469	2025-10-21 19:27:10.894	13.35245110710515
2399	188f24e7-1326-4f31-9846-3b5857f86abb	25.08566348234387	121.5660666656176	2025-10-21 19:28:43.439	5.540214437417079
2400	188f24e7-1326-4f31-9846-3b5857f86abb	25.08252913436342	121.5625954395219	2025-10-21 19:30:15.984	12.05551823784866
2401	188f24e7-1326-4f31-9846-3b5857f86abb	25.08098558708844	121.5599163705154	2025-10-21 19:31:48.53	10.31667687464312
2402	188f24e7-1326-4f31-9846-3b5857f86abb	25.07891842976795	121.5562264130503	2025-10-21 19:33:21.075	10.19222886647617
2403	188f24e7-1326-4f31-9846-3b5857f86abb	25.07622531547807	121.5533088784728	2025-10-21 19:34:53.621	14.28808559371498
2404	188f24e7-1326-4f31-9846-3b5857f86abb	25.07356801558257	121.550368036749	2025-10-21 19:36:26.166	11.25264929131837
2405	188f24e7-1326-4f31-9846-3b5857f86abb	25.07155153020611	121.5465753429663	2025-10-21 19:37:58.712	10.38377280881899
2406	188f24e7-1326-4f31-9846-3b5857f86abb	25.06918678607699	121.5440939576613	2025-10-21 19:39:31.257	8.38002507065707
2407	188f24e7-1326-4f31-9846-3b5857f86abb	25.06759814370804	121.5405180880765	2025-10-21 19:41:03.803	14.9807793826076
2408	188f24e7-1326-4f31-9846-3b5857f86abb	25.06549003141322	121.5367534384346	2025-10-21 19:42:36.348	8.90958266330654
2409	188f24e7-1326-4f31-9846-3b5857f86abb	25.06314595619557	121.5336962981592	2025-10-21 19:44:08.894	7.247656194997997
2410	7a243141-fef4-4b8f-bc6c-2246b6cb35ae	25.08608421211142	121.5518439791401	2025-10-27 07:02:31.175	10.95264323716538
2411	7a243141-fef4-4b8f-bc6c-2246b6cb35ae	25.08759244357412	121.5536621285412	2025-10-27 07:04:31.96	11.50937467280718
2412	7a243141-fef4-4b8f-bc6c-2246b6cb35ae	25.08840229660439	121.555152122287	2025-10-27 07:06:32.746	9.924831786239505
2413	7a243141-fef4-4b8f-bc6c-2246b6cb35ae	25.08986797749904	121.5571899917948	2025-10-27 07:08:33.532	9.85989463074359
2414	7a243141-fef4-4b8f-bc6c-2246b6cb35ae	25.0910248976889	121.558746462065	2025-10-27 07:10:34.317	12.04611168414494
2415	7a243141-fef4-4b8f-bc6c-2246b6cb35ae	25.09219799209902	121.5603283231684	2025-10-27 07:12:35.103	6.738673274978034
2416	7a243141-fef4-4b8f-bc6c-2246b6cb35ae	25.09296234938446	121.5615245080716	2025-10-27 07:14:35.889	11.29092438730348
2417	7a243141-fef4-4b8f-bc6c-2246b6cb35ae	25.09441042202739	121.5631209265698	2025-10-27 07:16:36.675	10.96113964732673
2418	7a243141-fef4-4b8f-bc6c-2246b6cb35ae	25.09614478280218	121.5649201875574	2025-10-27 07:18:37.46	12.6438257439545
2419	7a243141-fef4-4b8f-bc6c-2246b6cb35ae	25.09717841342311	121.5660240770629	2025-10-27 07:20:38.246	11.45008733996391
2420	7a243141-fef4-4b8f-bc6c-2246b6cb35ae	25.09853552870438	121.5680451707452	2025-10-27 07:22:39.032	12.22491128234404
2421	7a243141-fef4-4b8f-bc6c-2246b6cb35ae	25.09993120719825	121.5688635260204	2025-10-27 07:24:39.817	6.606001754622042
2422	7a243141-fef4-4b8f-bc6c-2246b6cb35ae	25.10063636234062	121.5709997900114	2025-10-27 07:26:40.603	9.747701399921919
2423	7a243141-fef4-4b8f-bc6c-2246b6cb35ae	25.10179843005692	121.5726678554442	2025-10-27 07:28:41.389	11.60572079045018
2424	7a243141-fef4-4b8f-bc6c-2246b6cb35ae	25.10319007130667	121.5739614151526	2025-10-27 07:30:42.175	7.58449286134387
2425	7a243141-fef4-4b8f-bc6c-2246b6cb35ae	25.10443505617586	121.5758988398601	2025-10-27 07:32:42.96	12.34379907457039
2426	7a243141-fef4-4b8f-bc6c-2246b6cb35ae	25.10573404927333	121.5774252443945	2025-10-27 07:34:43.746	10.65079582660598
2427	7a243141-fef4-4b8f-bc6c-2246b6cb35ae	25.1066030695477	121.5781243673446	2025-10-27 07:36:44.532	13.60648141948147
2428	7a243141-fef4-4b8f-bc6c-2246b6cb35ae	25.10815782306621	121.5805122316429	2025-10-27 07:38:45.317	8.223415427868666
2429	7a243141-fef4-4b8f-bc6c-2246b6cb35ae	25.10952859065065	121.5813466720044	2025-10-27 07:40:46.103	8.262266545872913
2430	7a243141-fef4-4b8f-bc6c-2246b6cb35ae	25.11033424450522	121.5835491908211	2025-10-27 07:42:46.889	8.60827040130703
2431	7a243141-fef4-4b8f-bc6c-2246b6cb35ae	25.11154381666932	121.5843421135126	2025-10-27 07:44:47.675	5.415676852077449
2432	7a243141-fef4-4b8f-bc6c-2246b6cb35ae	25.10955958467599	121.5813383114843	2025-10-27 07:46:48.46	6.632710978145234
2433	7a243141-fef4-4b8f-bc6c-2246b6cb35ae	25.10673346104466	121.5769794323949	2025-10-27 07:48:49.246	7.919332706706664
2434	7a243141-fef4-4b8f-bc6c-2246b6cb35ae	25.10424908206768	121.573265125263	2025-10-27 07:50:50.032	5.02359620156933
2435	7a243141-fef4-4b8f-bc6c-2246b6cb35ae	25.10137235810318	121.5700763470834	2025-10-27 07:52:50.817	11.44502123912448
2436	7a243141-fef4-4b8f-bc6c-2246b6cb35ae	25.09888883801905	121.5658706440561	2025-10-27 07:54:51.603	11.21512206548248
2437	7a243141-fef4-4b8f-bc6c-2246b6cb35ae	25.09576400936001	121.5622698707743	2025-10-27 07:56:52.389	11.04655383652293
2438	7a243141-fef4-4b8f-bc6c-2246b6cb35ae	25.09291017306006	121.5589766927	2025-10-27 07:58:53.175	11.95420044334803
2439	7a243141-fef4-4b8f-bc6c-2246b6cb35ae	25.09070346836265	121.5548590416638	2025-10-27 08:00:53.96	9.734384925087063
2440	7a243141-fef4-4b8f-bc6c-2246b6cb35ae	25.08811010144931	121.5513171072879	2025-10-27 08:02:54.746	10.07543963898551
2441	7a243141-fef4-4b8f-bc6c-2246b6cb35ae	25.08582733207176	121.5478688903561	2025-10-27 08:04:55.532	8.200241135090378
2442	7a243141-fef4-4b8f-bc6c-2246b6cb35ae	25.08229564532146	121.5438111292545	2025-10-27 08:06:56.317	9.230076585527264
2443	7a243141-fef4-4b8f-bc6c-2246b6cb35ae	25.07971597756511	121.5403026389518	2025-10-27 08:08:57.103	13.05633145788346
2444	7a243141-fef4-4b8f-bc6c-2246b6cb35ae	25.07725033771026	121.5368519154856	2025-10-27 08:10:57.889	7.855059610639998
2445	7a243141-fef4-4b8f-bc6c-2246b6cb35ae	25.07518846924469	121.5335824098348	2025-10-27 08:12:58.675	9.547871850022709
2446	7a243141-fef4-4b8f-bc6c-2246b6cb35ae	25.07165247919579	121.5295581017592	2025-10-27 08:14:59.46	9.613728450392362
2447	7a243141-fef4-4b8f-bc6c-2246b6cb35ae	25.06959800437543	121.5254847972792	2025-10-27 08:17:00.246	10.96411825251253
2448	7a243141-fef4-4b8f-bc6c-2246b6cb35ae	25.06678174751394	121.5225670072831	2025-10-27 08:19:01.032	14.31896748239195
2449	7a243141-fef4-4b8f-bc6c-2246b6cb35ae	25.06410907805364	121.5189247832256	2025-10-27 08:21:01.817	9.666641964269242
2450	7a243141-fef4-4b8f-bc6c-2246b6cb35ae	25.06112689715687	121.5144474892951	2025-10-27 08:23:02.603	6.308381728786623
2451	7a243141-fef4-4b8f-bc6c-2246b6cb35ae	25.05867193228275	121.5110412881954	2025-10-27 08:25:03.389	7.022282180272208
2452	7a243141-fef4-4b8f-bc6c-2246b6cb35ae	25.05583982036379	121.5078782771521	2025-10-27 08:27:04.175	11.4084820517635
2453	c80d762c-174c-4739-845a-64b37abe82e6	25.0856130340276	121.5527337009439	2025-10-21 18:01:32.131	12.33406457215074
2454	c80d762c-174c-4739-845a-64b37abe82e6	25.09119820405341	121.5398997445153	2025-10-21 18:04:47.908	6.17022151560199
2455	c80d762c-174c-4739-845a-64b37abe82e6	25.09611631066923	121.5279316192954	2025-10-21 18:08:03.686	5.649042770041124
2456	c80d762c-174c-4739-845a-64b37abe82e6	25.10082015822658	121.5162086900027	2025-10-21 18:11:19.464	11.12670268541956
2457	c80d762c-174c-4739-845a-64b37abe82e6	25.10530873781534	121.5042463827884	2025-10-21 18:14:35.242	14.9771738400253
2458	c80d762c-174c-4739-845a-64b37abe82e6	25.11061731784802	121.4915899407215	2025-10-21 18:17:51.019	7.137903761968638
2459	c80d762c-174c-4739-845a-64b37abe82e6	25.11540999000649	121.4796459780649	2025-10-21 18:21:06.797	12.98596517409277
2460	c80d762c-174c-4739-845a-64b37abe82e6	25.11771303376196	121.47499885908	2025-10-21 18:24:22.575	12.58355227106257
2461	c80d762c-174c-4739-845a-64b37abe82e6	25.11513197341233	121.4918963800224	2025-10-21 18:27:38.353	8.61098833494207
2462	c80d762c-174c-4739-845a-64b37abe82e6	25.11205571096581	121.5086033795407	2025-10-21 18:30:54.131	13.96729277380356
2463	c80d762c-174c-4739-845a-64b37abe82e6	25.10929754862975	121.5258261123837	2025-10-21 18:34:09.908	12.33125095112723
2464	c80d762c-174c-4739-845a-64b37abe82e6	25.10540581638917	121.5433495210315	2025-10-21 18:37:25.686	11.05601241021128
2465	c80d762c-174c-4739-845a-64b37abe82e6	25.10272802395102	121.5603783887354	2025-10-21 18:40:41.464	8.757949940829779
2466	c80d762c-174c-4739-845a-64b37abe82e6	25.10009814105213	121.5772057985018	2025-10-21 18:43:57.242	11.90886807839562
2467	c80d762c-174c-4739-845a-64b37abe82e6	25.10413028182468	121.582164067691	2025-10-21 18:47:13.019	8.122616984110223
2468	c80d762c-174c-4739-845a-64b37abe82e6	25.11599893332759	121.5771802312894	2025-10-21 18:50:28.797	14.03882718858444
2469	c80d762c-174c-4739-845a-64b37abe82e6	25.1276075217023	121.5715418602072	2025-10-21 18:53:44.575	14.81675141472058
2470	c80d762c-174c-4739-845a-64b37abe82e6	25.13927454212946	121.5651073854739	2025-10-21 18:57:00.353	14.45377592469215
2471	c80d762c-174c-4739-845a-64b37abe82e6	25.15028789487607	121.560154507494	2025-10-21 19:00:16.131	7.280835784832811
2472	c80d762c-174c-4739-845a-64b37abe82e6	25.16215161944916	121.5537277068812	2025-10-21 19:03:31.908	7.612086298917529
2473	c80d762c-174c-4739-845a-64b37abe82e6	25.17395544286941	121.5486691119793	2025-10-21 19:06:47.686	5.647035864455734
2474	c80d762c-174c-4739-845a-64b37abe82e6	25.1759903455723	121.5459009373337	2025-10-21 19:10:03.464	8.376458604491585
2475	c80d762c-174c-4739-845a-64b37abe82e6	25.17564004501159	121.5432957602207	2025-10-21 19:13:19.242	6.478656394815756
2476	c80d762c-174c-4739-845a-64b37abe82e6	25.17513299702605	121.5418097679982	2025-10-21 19:16:35.019	7.315291694729844
2477	c80d762c-174c-4739-845a-64b37abe82e6	25.17407453071904	121.539511459866	2025-10-21 19:19:50.797	10.75747993418416
2478	c80d762c-174c-4739-845a-64b37abe82e6	25.17333499974402	121.5374403720762	2025-10-21 19:23:06.575	8.754498842980238
2479	c80d762c-174c-4739-845a-64b37abe82e6	25.17314484074476	121.5352478170317	2025-10-21 19:26:22.353	6.73111336387362
2480	c80d762c-174c-4739-845a-64b37abe82e6	25.17281275401393	121.5334884366512	2025-10-21 19:29:38.131	11.55093031092301
2571	7c1a3b89-1877-4b3e-afb3-c38483487483	25.02181065270356	121.5351580270767	2025-11-09 02:21:12.145	\N
2572	7c1a3b89-1877-4b3e-afb3-c38483487483	25.02181065270356	121.5351580270767	2025-11-09 02:21:11.999	4.748651530191761
2633	fbe7bcc7-b4f0-49bd-8ec4-b487a9e7af00	25.02181382733835	121.5352402814559	2025-11-09 03:19:10.688	\N
2634	fbe7bcc7-b4f0-49bd-8ec4-b487a9e7af00	25.02181382733835	121.5352402814559	2025-11-09 03:19:10	20.86010194359691
\.


--
-- Data for Name: badge_location_requirements; Type: TABLE DATA; Schema: public; Owner: tung_user
--

COPY public.badge_location_requirements (id, badge_id, location_id) FROM stdin;
43	c9bacfef-0235-40aa-a14d-7d0d3379f17e	cd50de70-f312-416d-bee8-cc40fc5a6f64
44	c9bacfef-0235-40aa-a14d-7d0d3379f17e	92348fcf-4f12-498a-b3d7-979311030bcf
45	c9bacfef-0235-40aa-a14d-7d0d3379f17e	c73d39f7-57ce-45c9-9994-ebf7a0ee1b22
46	53d92843-55fc-45e7-a5dd-cacbb19c570a	a470b24f-ace6-4e58-b31d-5ccef61b523e
47	53d92843-55fc-45e7-a5dd-cacbb19c570a	aca01acc-7409-42b8-af16-0825defe2ab7
48	53d92843-55fc-45e7-a5dd-cacbb19c570a	c5a5ca7f-baee-4928-bdaa-ec5462bc71a2
49	53d92843-55fc-45e7-a5dd-cacbb19c570a	d2b74766-4785-440c-9350-e75ebbe2db96
50	53d92843-55fc-45e7-a5dd-cacbb19c570a	6e3140c6-bf33-4cda-8446-ee0fc86c8d3c
51	56d9c466-a327-45b7-b46c-cdb815dbe5b5	70d5e637-f2ff-4af7-867a-ab517c1009dd
52	56d9c466-a327-45b7-b46c-cdb815dbe5b5	17104a58-467e-42c8-bbdc-0460f8d44efd
53	56d9c466-a327-45b7-b46c-cdb815dbe5b5	65ee34e6-75b6-4473-bb92-d1aaa594b782
54	56d9c466-a327-45b7-b46c-cdb815dbe5b5	f8d86c0b-bea8-4191-96ef-a6c410901017
55	56d9c466-a327-45b7-b46c-cdb815dbe5b5	1d5dd09b-b0be-4ec8-a2bc-22789efad827
56	ef80a991-4ce5-43ca-bdf1-8db0419174e7	17104a58-467e-42c8-bbdc-0460f8d44efd
57	ef80a991-4ce5-43ca-bdf1-8db0419174e7	9dc711f6-6c41-4c2c-b5e1-54da67ce7a1d
58	ef80a991-4ce5-43ca-bdf1-8db0419174e7	7628b7c1-12a1-4493-a0fd-1368f12e7953
59	ef80a991-4ce5-43ca-bdf1-8db0419174e7	0007bb82-58af-4f18-88f5-2b39d481441e
60	ef80a991-4ce5-43ca-bdf1-8db0419174e7	5d107b31-e99c-4b32-bb8e-8117acab074d
62	50844501-d804-42ce-ab9a-60598f078c46	c73d39f7-57ce-45c9-9994-ebf7a0ee1b22
63	50844501-d804-42ce-ab9a-60598f078c46	ebcaba2e-7f90-4189-afd8-d69a9937d962
64	50844501-d804-42ce-ab9a-60598f078c46	3859e349-159f-4851-9326-68d6c0ab6482
61	50844501-d804-42ce-ab9a-60598f078c46	fd0965a2-0281-4e55-973a-fd39818acee7
65	50844501-d804-42ce-ab9a-60598f078c46	92348fcf-4f12-498a-b3d7-979311030bcf
66	a69889ee-9bb8-4d62-baf7-915349f7d666	5604757c-d35c-4232-a1df-e41628c96a25
67	a69889ee-9bb8-4d62-baf7-915349f7d666	6ec29f15-8ce6-4629-8fa1-1a95e6cfc3a7
68	a69889ee-9bb8-4d62-baf7-915349f7d666	29fbc146-b6bf-4f75-a90a-0b65ca2c2ea3
69	a69889ee-9bb8-4d62-baf7-915349f7d666	65ee34e6-75b6-4473-bb92-d1aaa594b782
70	a69889ee-9bb8-4d62-baf7-915349f7d666	70d5e637-f2ff-4af7-867a-ab517c1009dd
71	4d19daac-095d-4e2b-b014-37c5271091c3	4160efb8-dea6-4965-a3ee-f03765c7c3a6
72	4d19daac-095d-4e2b-b014-37c5271091c3	fe830a87-3d79-4ab1-86bf-396fa276bfa5
73	4d19daac-095d-4e2b-b014-37c5271091c3	23135ec7-10d2-4721-a3c3-1f99ee61db7c
74	4d19daac-095d-4e2b-b014-37c5271091c3	3859e349-159f-4851-9326-68d6c0ab6482
75	aaa16e5c-5b24-417b-9844-1fc7056986b5	872002cb-9bc3-4d1d-ad02-19d935206349
77	aaa16e5c-5b24-417b-9844-1fc7056986b5	29ba4a96-9deb-4ea5-b14b-cd94363910b7
76	aaa16e5c-5b24-417b-9844-1fc7056986b5	92348fcf-4f12-498a-b3d7-979311030bcf
\.


--
-- Data for Name: badges; Type: TABLE DATA; Schema: public; Owner: tung_user
--

COPY public.badges (id, name, description, image_url, created_at, updated_at, color) FROM stdin;
4d19daac-095d-4e2b-b014-37c5271091c3		Discover all historic landmarks	https://example.com/badges/historic-sites-collector.png	2025-11-08 20:39:25.812	2025-11-08 20:39:25.812	#76a732
50844501-d804-42ce-ab9a-60598f078c46		Explore all museums and cultural sites	https://example.com/badges/museum-enthusiast.png	2025-11-08 20:39:25.812	2025-11-08 20:39:25.812	#F5BA4B
53d92843-55fc-45e7-a5dd-cacbb19c570a		Visit all major night markets in Taipei	https://example.com/badges/night-market-master.png	2025-11-08 20:39:25.812	2025-11-08 20:39:25.812	#FD853A
56d9c466-a327-45b7-b46c-cdb815dbe5b5		Complete all hiking trails in Taipei	https://example.com/badges/mountain-hiker.png	2025-11-08 20:39:25.812	2025-11-08 20:39:25.812	#5ab4c5
a69889ee-9bb8-4d62-baf7-915349f7d666		Visit all parks and green spaces	https://example.com/badges/park-wanderer.png	2025-11-08 20:39:25.812	2025-11-08 20:39:25.812	#76a732
aaa16e5c-5b24-417b-9844-1fc7056986b5			https://example.com/badges/complete-explorer.png	2025-11-08 20:39:25.812	2025-11-08 20:39:25.812	#F5BA4B
c9bacfef-0235-40aa-a14d-7d0d3379f17e		Collect all locations in National Taiwan University area	https://example.com/badges/ntu-explorer.png	2025-11-08 20:39:25.812	2025-11-08 20:39:25.812	#FD853A
ef80a991-4ce5-43ca-bdf1-8db0419174e7		Visit all temples and religious sites	https://example.com/badges/temple-pilgrim.png	2025-11-08 20:39:25.812	2025-11-08 20:39:25.812	#5ab4c5
\.


--
-- Data for Name: locations; Type: TABLE DATA; Schema: public; Owner: tung_user
--

COPY public.locations (id, name, description, latitude, longitude, area, nfc_id, is_nfc_enabled, created_at, updated_at) FROM stdin;
29ba4a96-9deb-4ea5-b14b-cd94363910b7		\N	25.0197178	121.5378478	 	nfc-003	t	2025-11-08 20:39:25.57	2025-11-09 02:57:00.572
3619e988-a206-40ee-bdbf-f9b393e2892b			25.0111734	121.528348	\N	string	f	2025-11-09 03:58:13.207	2025-11-09 04:03:48.504
c95367ae-249c-4e2c-8f12-5961142c8e96		\N	25.1616574	121.429278	\N	\N	f	2025-11-08 20:39:25.57	2025-11-09 04:03:48.504
b84fe9f3-e5ac-4fa6-9105-58819e6669cb		\N	25.1098079	121.845228	\N	\N	f	2025-11-08 20:39:25.57	2025-11-09 04:03:48.505
5d107b31-e99c-4b32-bb8e-8117acab074d	 - 	\N	25.033521	121.5161514	\N	\N	f	2025-11-08 20:39:25.57	2025-11-09 04:03:48.504
7c87fbf8-e8cc-4d09-9727-aef29737426d		\N	25.0375506	121.5637857	\N	\N	f	2025-11-08 20:39:25.57	2025-11-09 04:03:48.505
669310be-7607-47ef-ae11-8b9c01168051		\N	25.0446664	121.5063096	\N	\N	f	2025-11-08 20:39:25.57	2025-11-09 04:03:48.505
2a6b3890-5d33-424b-ac7b-99693e19ecf0		\N	25.0723739	121.5303543	\N	\N	f	2025-11-08 20:39:25.57	2025-11-09 04:03:48.506
2ebfbb9d-b8c3-48b2-b36a-249f4b4d35c2		\N	25.0831288	121.5834051	\N	\N	f	2025-11-08 20:39:25.57	2025-11-09 04:03:48.505
65ee34e6-75b6-4473-bb92-d1aaa594b782		\N	25.1942462	121.5609363	\N	\N	f	2025-11-08 20:39:25.57	2025-11-09 04:03:48.506
b7c4725b-51ad-4288-ae7e-49d692774e15		\N	25.078854	121.5694758	\N	\N	f	2025-11-08 20:39:25.57	2025-11-09 04:03:48.506
86595c1e-37f6-4abf-a0ec-42bdf404a023	1914	\N	25.0440698	121.5293583	\N	\N	f	2025-11-08 20:39:25.57	2025-11-09 04:03:48.506
872002cb-9bc3-4d1d-ad02-19d935206349		\N	25.0172877	121.5358939	 	nfc-004	t	2025-11-08 20:39:25.57	2025-11-09 02:57:00.571
e5d3d430-75c0-4884-bb72-45d8b640a515	 101	\N	25.033976	121.5645389	\N	\N	f	2025-11-08 20:39:25.57	2025-11-09 04:03:48.505
d18eceaa-43fd-41bc-b8d2-8f1cfe98470d		\N	25.0829319	121.5577484	\N	\N	f	2025-11-08 20:39:25.57	2025-11-09 04:03:48.506
c73d39f7-57ce-45c9-9994-ebf7a0ee1b22		\N	25.0174122	121.5404968	\N	nfc-001	t	2025-11-08 20:39:25.57	2025-11-09 04:03:48.505
f03afe88-a6d2-4680-83bf-a9708f8a0794		\N	25.0886636	121.5678841	\N	\N	f	2025-11-08 20:39:25.57	2025-11-09 04:03:48.506
62637afd-d1d1-43c0-86ef-cdaadc518b9b		\N	25.0591874	121.5209944	\N	\N	f	2025-11-08 20:39:25.57	2025-11-09 04:03:48.507
8782c010-fe61-43eb-88bf-cc2d82a47410		\N	25.0634668	121.5391412	\N	\N	f	2025-11-08 20:39:25.57	2025-11-09 04:03:48.506
9d76fd50-0d94-4b96-8eef-7929c552e4dc		\N	25.1061358	121.8596365	\N	\N	f	2025-11-08 20:39:25.57	2025-11-09 04:03:48.507
54851ec8-f4f3-4823-8f95-1c8aa2ba2807		\N	25.099682	121.5873607	\N	\N	f	2025-11-08 20:39:25.57	2025-11-09 04:03:48.504
a12f861a-71a2-4a1c-9e50-772c4b4a7d21		\N	24.9559849	121.5365043	\N	\N	f	2025-11-08 20:39:25.57	2025-11-09 04:03:48.506
9f035765-b211-47b4-bcc3-e1a4c75f3373	 	\N	25.0974613	121.5241173	\N	\N	f	2025-11-08 20:39:25.57	2025-11-09 04:03:48.506
a40d5cc8-61ce-450c-9ef2-331bd0388a00		\N	25.1317552	121.5145907	\N	\N	f	2025-11-08 20:39:25.57	2025-11-09 04:03:48.507
70d5e637-f2ff-4af7-867a-ab517c1009dd		\N	25.0438366	121.5606383	\N	\N	f	2025-11-08 20:39:25.57	2025-11-09 04:03:48.507
fa1d5482-22fb-4335-a798-ae8658201657		\N	25.0761447	121.5136571	\N	\N	f	2025-11-08 20:39:25.57	2025-11-09 04:03:48.507
9dc711f6-6c41-4c2c-b5e1-54da67ce7a1d		\N	25.1023554	121.5484925	\N	\N	f	2025-11-08 20:39:25.57	2025-11-09 04:03:48.507
02ae5f1f-1fbb-4abb-b9b6-4abeed9eca31		\N	25.0981564	121.5853896	\N	\N	f	2025-11-08 20:39:25.57	2025-11-09 04:03:48.507
f8d86c0b-bea8-4191-96ef-a6c410901017		\N	25.025249	121.5792578	\N	\N	f	2025-11-08 20:39:25.57	2025-11-09 04:03:48.504
c2a03d3c-8d91-47be-9e37-d65a3eb93a75		\N	25.0526926	121.599042	\N	\N	f	2025-11-08 20:39:25.57	2025-11-09 04:03:48.504
5d21b761-9df4-4af8-84a8-2082618900f2		\N	25.165756	121.5753508	\N	\N	f	2025-11-08 20:39:25.57	2025-11-09 04:03:48.506
44143c04-2e0d-4fe4-a6d9-a61af7220659		\N	24.9907256	121.660808	\N	\N	f	2025-11-08 20:39:25.57	2025-11-09 04:03:48.506
61884947-04fa-4af4-a2be-f6b329756449		\N	24.9959221	121.5763544	\N	\N	f	2025-11-08 20:39:25.57	2025-11-09 04:03:48.506
b693cb35-61ca-4bb5-993e-4d1d4a0e9754		\N	25.0873088	121.6228307	\N	\N	f	2025-11-08 20:39:25.57	2025-11-09 04:03:48.506
3836c33f-fd64-4671-9d95-9a2fc159c686		\N	25.053279	121.5221609	\N	\N	f	2025-11-08 20:39:25.57	2025-11-09 04:03:48.506
fc94fecd-c432-4d64-a49e-d1539f485644		\N	25.072136	121.5244037	\N	\N	f	2025-11-08 20:39:25.57	2025-11-09 04:03:48.506
0021b967-78d8-4507-b555-940d0ac37dc4		\N	25.0793713	121.5252601	\N	\N	f	2025-11-08 20:39:25.57	2025-11-09 04:03:48.505
b4696bdc-5820-4f4a-875a-ce5d0635afbc		\N	25.137894	121.5118863	\N	\N	f	2025-11-08 20:39:25.57	2025-11-09 04:03:48.505
3c2ebc4b-2443-43d8-9912-d0f106320fa9		\N	25.0709271	121.5317769	\N	\N	f	2025-11-08 20:39:25.57	2025-11-09 04:03:48.505
0007bb82-58af-4f18-88f5-2b39d481441e		\N	24.979824	121.586626	\N	\N	f	2025-11-08 20:39:25.57	2025-11-09 04:03:48.507
badc0171-7f68-4095-b751-7c6a16464aa1		\N	25.0508047	121.5189766	\N	\N	f	2025-11-08 20:39:25.57	2025-11-09 04:03:48.507
8a64f8ed-d806-4ad1-b046-252ce36d174c		\N	25.0245042	121.5293123	\N	\N	f	2025-11-08 20:39:25.57	2025-11-09 04:03:48.507
b49351d7-84c7-4706-a9d4-55d8275fc329		\N	25.1726423	121.5333316	\N	\N	f	2025-11-08 20:39:25.57	2025-11-09 04:03:48.507
0faf50e7-0a0b-47df-89f8-69b7d128a729		\N	25.0825351	121.603164	\N	\N	f	2025-11-08 20:39:25.57	2025-11-09 04:03:48.507
db96dcaa-d5ef-4e9c-8ad0-0c3c48d5c91a		\N	25.0230556	121.5052778	\N	\N	f	2025-11-08 20:39:25.57	2025-11-09 04:03:48.505
29fbc146-b6bf-4f75-a90a-0b65ca2c2ea3		\N	25.1188889	121.4708333	\N	\N	f	2025-11-08 20:39:25.57	2025-11-09 04:03:48.506
4ab994e8-0fca-4a6b-b8f6-7dfe14c27e5a		\N	25.1830092	121.4121084	\N	\N	f	2025-11-08 20:39:25.57	2025-11-09 04:03:48.506
6e3140c6-bf33-4cda-8446-ee0fc86c8d3c		\N	25.0301412	121.5542672	\N	\N	f	2025-11-08 20:39:25.57	2025-11-09 04:03:48.506
31198abc-df61-4475-b613-a8769d8eb211		\N	25.168927	121.4440921	\N	\N	f	2025-11-08 20:39:25.57	2025-11-09 04:03:48.506
7c7bf62b-5ec0-42d2-8c92-0b82684245b8		\N	25.0699787	121.531228	\N	\N	f	2025-11-08 20:39:25.57	2025-11-09 04:03:48.505
017c089c-912d-4fd6-97e5-25ad6cc27d9f		\N	25.0489711	121.7874553	\N	\N	f	2025-11-08 20:39:25.57	2025-11-09 04:03:48.505
c8c350ed-c727-481e-b9a7-abc36e68e477		\N	25.0426687	121.7766757	\N	\N	f	2025-11-08 20:39:25.57	2025-11-09 04:03:48.506
ea500f34-7326-4faf-93ed-e307593797bc	  ()	\N	25.0369236	121.5080322	\N	\N	f	2025-11-08 20:39:25.57	2025-11-09 04:03:48.506
20824e28-aa0a-4102-a07d-3c28e4619e22		\N	25.0477863	121.5110318	\N	\N	f	2025-11-08 20:39:25.57	2025-11-09 04:03:48.506
3859e349-159f-4851-9326-68d6c0ab6482		\N	25.0400306	121.5602452	\N	\N	f	2025-11-08 20:39:25.57	2025-11-09 04:03:48.506
c0155e75-6919-4201-beea-b5ec2573ddfe		\N	25.1762402	121.4369985	\N	\N	f	2025-11-08 20:39:25.57	2025-11-09 04:03:48.506
ebcaba2e-7f90-4189-afd8-d69a9937d962		\N	25.0401547	121.5167496	\N	\N	f	2025-11-08 20:39:25.57	2025-11-09 04:03:48.506
364f3c9b-5fb0-48de-b400-b1619b5a0af0		\N	25.1119064	121.5846632	\N	\N	f	2025-11-08 20:39:25.57	2025-11-09 04:03:48.506
e68dbed9-496b-42a9-baf0-e8f1432bd871		\N	24.9985635	121.5809857	\N	\N	f	2025-11-08 20:39:25.57	2025-11-09 04:03:48.506
5604757c-d35c-4232-a1df-e41628c96a25		\N	25.0296587	121.5362867	\N	\N	f	2025-11-08 20:39:25.57	2025-11-09 04:03:48.506
23135ec7-10d2-4721-a3c3-1f99ee61db7c		\N	25.035502	121.5201832	\N	\N	f	2025-11-08 20:39:25.57	2025-11-09 04:03:48.507
a3f0702d-7ed2-415f-ab80-7db2bfebb7ee		\N	25.1655401	121.5639373	\N	\N	f	2025-11-08 20:39:25.57	2025-11-09 04:03:48.506
7e926601-1108-4ce3-94a2-eda5fb939cab		\N	25.0372183	121.5669958	\N	\N	f	2025-11-08 20:39:25.57	2025-11-09 04:03:48.506
8d59cf7d-f43a-4db1-b3aa-9100fc922339		\N	25.1767715	121.434879	\N	\N	f	2025-11-08 20:39:25.57	2025-11-09 04:03:48.506
fe830a87-3d79-4ab1-86bf-396fa276bfa5	-	\N	25.0400088	121.4995371	\N	\N	f	2025-11-08 20:39:25.57	2025-11-09 04:03:48.506
2d54ec19-b03d-4033-961e-cee7b642aa89	106	\N	25.0307722	121.5295026	\N	\N	f	2025-11-08 20:39:25.57	2025-11-09 04:03:48.506
167cff32-9d89-4c1b-bc59-4fd1d1c601b2		\N	25.0237927	121.723513	\N	\N	f	2025-11-08 20:39:25.57	2025-11-09 04:03:48.506
471e3956-0427-4cfa-a1de-785dc13b324a		\N	25.0860221	121.5523169	\N	\N	f	2025-11-08 20:39:25.57	2025-11-09 04:03:48.506
d2b74766-4785-440c-9350-e75ebbe2db96		\N	25.0385988	121.4984426	\N	\N	f	2025-11-08 20:39:25.57	2025-11-09 04:03:48.506
fd0965a2-0281-4e55-973a-fd39818acee7		\N	25.0137201	121.5347221	\N	\N	f	2025-11-08 20:39:25.57	2025-11-09 04:03:48.506
d41aef35-f2d5-4901-a4a9-4ffdf8611042		\N	25.0503212	121.5363081	\N	\N	f	2025-11-08 20:39:25.57	2025-11-09 04:03:48.506
e113e2d8-0174-462e-95a6-7e14c8cb7965		\N	25.0561283	121.5074276	\N	\N	f	2025-11-08 20:39:25.57	2025-11-09 04:03:48.506
6ec29f15-8ce6-4629-8fa1-1a95e6cfc3a7		\N	25.0415717	121.5150295	\N	\N	f	2025-11-08 20:39:25.57	2025-11-09 04:03:48.506
c5a5ca7f-baee-4928-bdaa-ec5462bc71a2	 	\N	25.0508854	121.5774891	\N	\N	f	2025-11-08 20:39:25.57	2025-11-09 04:03:48.506
4160efb8-dea6-4965-a3ee-f03765c7c3a6	-	\N	25.0402142	121.5025947	\N	\N	f	2025-11-08 20:39:25.57	2025-11-09 04:03:48.506
84934733-59f2-4ada-bf73-c33cef4a7c34	 	\N	25.0968921	121.5877127	\N	\N	f	2025-11-08 20:39:25.57	2025-11-09 04:03:48.507
17104a58-467e-42c8-bbdc-0460f8d44efd		\N	25.0373106	121.4998654	\N	\N	f	2025-11-08 20:39:25.57	2025-11-09 04:03:48.506
fc15017f-eed2-489c-b6cf-d572c160ccb5		\N	25.0550727	121.5099829	\N	\N	f	2025-11-08 20:39:25.57	2025-11-09 04:03:48.506
587528e4-fe0f-4520-b1b9-1df748d91016		\N	25.1103595	121.8562962	\N	\N	f	2025-11-08 20:39:25.57	2025-11-09 04:03:48.506
a40acbbd-8cf0-4809-9808-be84121f77b4		\N	25.0628658	121.5338733	\N	\N	f	2025-11-08 20:39:25.57	2025-11-09 04:03:48.506
76626ca5-c39c-4dd1-b61f-2bc01e7c4754		\N	25.0399991	121.5119507	\N	\N	f	2025-11-08 20:39:25.57	2025-11-09 04:03:48.506
683c5407-3433-420f-a2d5-26317c9829b1		\N	25.0318511	121.5094593	\N	\N	f	2025-11-08 20:39:25.57	2025-11-09 04:03:48.506
10ead807-ae85-4458-8588-58aaecfb95db		\N	25.1568739	121.4048561	\N	\N	f	2025-11-08 20:39:25.57	2025-11-09 04:03:48.506
cd50de70-f312-416d-bee8-cc40fc5a6f64		\N	25.017161	121.536762	\N	\N	f	2025-11-08 20:39:25.57	2025-11-09 04:03:48.506
bfa2dcab-757b-4f2a-9f58-941c1bc4a468		\N	25.0716662	121.5221637	\N	\N	f	2025-11-08 20:39:25.57	2025-11-09 04:03:48.506
aeb863bf-bd8e-464c-881c-dad1a7113a89		\N	25.027375	121.5709619	\N	\N	f	2025-11-08 20:39:25.57	2025-11-09 04:03:48.506
a470b24f-ace6-4e58-b31d-5ccef61b523e		\N	25.0566808	121.5153641	\N	\N	f	2025-11-08 20:39:25.57	2025-11-09 04:03:48.506
c48010c4-caa4-4d85-9e7a-8332871f514b		\N	25.0731088	121.5155703	\N	\N	f	2025-11-08 20:39:25.57	2025-11-09 04:03:48.506
7f59e4f8-40b8-4887-94c5-fe6e83b2aa0a		\N	25.1365694	121.50715	\N	\N	f	2025-11-08 20:39:25.57	2025-11-09 04:03:48.506
34539c4b-fe55-4ee7-b392-cf56581b0c3e	222	\N	25.0016916	121.6147377	\N	\N	f	2025-11-08 20:39:25.57	2025-11-09 04:03:48.506
7628b7c1-12a1-4493-a0fd-1368f12e7953		\N	25.1176791	121.4639554	\N	\N	f	2025-11-08 20:39:25.57	2025-11-09 04:03:48.506
aca01acc-7409-42b8-af16-0825defe2ab7		\N	25.0884972	121.5243504	\N	\N	f	2025-11-08 20:39:25.57	2025-11-09 04:03:48.506
a22e3e67-9425-4ceb-a186-4db5fff20cb2		\N	25.1754077	121.433021	\N	\N	f	2025-11-08 20:39:25.57	2025-11-09 04:03:48.506
c6b10a1a-8075-4fca-888e-ed7ec1293f61	1	\N	25.0566019	121.6181159	\N	\N	f	2025-11-08 20:39:25.57	2025-11-09 04:03:48.506
1d5dd09b-b0be-4ec8-a2bc-22789efad827		\N	25.1585011	121.5391877	\N	\N	f	2025-11-08 20:39:25.57	2025-11-09 04:03:48.506
ee95f07d-d8e5-43c8-b99f-83bb7d6a0b29		\N	24.969788	121.5978809	\N	\N	f	2025-11-08 20:39:25.57	2025-11-09 04:03:48.507
e21fe550-8eee-4c06-943b-c1be9c6d3877		\N	25.0555941	121.5102169	\N	\N	f	2025-11-08 20:39:25.57	2025-11-09 04:03:48.507
92348fcf-4f12-498a-b3d7-979311030bcf		1	25.0216891	121.5351162	 	nfc-002	t	2025-11-08 20:39:25.57	2025-11-09 02:57:00.571
4d734bc2-720d-4383-869f-c549657b0975		\N	25.0427193	121.5462632	\N	\N	f	2025-11-08 20:39:25.57	2025-11-09 04:03:48.506
45f3ad98-cc30-40c8-9a5b-19d37502bc8b		\N	25.0727623	121.5161793	\N	\N	f	2025-11-08 20:39:25.57	2025-11-09 04:03:48.506
9ebaf3a2-bd23-48ba-afd7-42579fea4fc1		\N	25.0320167	121.5874881	\N	\N	f	2025-11-08 20:39:25.57	2025-11-09 04:03:48.506
4eeb16e1-04df-4063-b793-f122304855fe		\N	25.0789293	121.5265151	\N	\N	f	2025-11-08 20:39:25.57	2025-11-09 04:03:48.506
1765325e-9897-424e-a19b-7445f57b2360		\N	25.1766629	121.5471008	\N	\N	f	2025-11-08 20:39:25.57	2025-11-09 04:03:48.506
48c01e08-ebae-4f95-b386-6f779444ed5e	 	\N	25.1363559	121.5062331	\N	\N	f	2025-11-08 20:39:25.57	2025-11-09 04:03:48.506
3f01b313-8f40-4b9b-b45e-fc8597789821	 ()	\N	25.0390959	121.5176551	\N	\N	f	2025-11-08 20:39:25.57	2025-11-09 04:03:48.507
\.


--
-- Data for Name: user_badges; Type: TABLE DATA; Schema: public; Owner: tung_user
--

COPY public.user_badges (id, user_id, badge_id, unlocked_at, status) FROM stdin;
73	7f3562f4-bb3f-4ec7-89b9-da3b4b5ff250	c9bacfef-0235-40aa-a14d-7d0d3379f17e	\N	in_progress
77	7f3562f4-bb3f-4ec7-89b9-da3b4b5ff250	50844501-d804-42ce-ab9a-60598f078c46	\N	in_progress
74	7f3562f4-bb3f-4ec7-89b9-da3b4b5ff250	53d92843-55fc-45e7-a5dd-cacbb19c570a	\N	locked
75	7f3562f4-bb3f-4ec7-89b9-da3b4b5ff250	56d9c466-a327-45b7-b46c-cdb815dbe5b5	\N	locked
76	7f3562f4-bb3f-4ec7-89b9-da3b4b5ff250	ef80a991-4ce5-43ca-bdf1-8db0419174e7	\N	locked
78	7f3562f4-bb3f-4ec7-89b9-da3b4b5ff250	a69889ee-9bb8-4d62-baf7-915349f7d666	\N	in_progress
79	7f3562f4-bb3f-4ec7-89b9-da3b4b5ff250	4d19daac-095d-4e2b-b014-37c5271091c3	\N	in_progress
81	811745c0-2484-4707-8cf4-a777119dc5c4	c9bacfef-0235-40aa-a14d-7d0d3379f17e	\N	in_progress
82	811745c0-2484-4707-8cf4-a777119dc5c4	53d92843-55fc-45e7-a5dd-cacbb19c570a	\N	in_progress
83	811745c0-2484-4707-8cf4-a777119dc5c4	56d9c466-a327-45b7-b46c-cdb815dbe5b5	\N	in_progress
84	811745c0-2484-4707-8cf4-a777119dc5c4	ef80a991-4ce5-43ca-bdf1-8db0419174e7	\N	in_progress
85	811745c0-2484-4707-8cf4-a777119dc5c4	50844501-d804-42ce-ab9a-60598f078c46	\N	in_progress
86	811745c0-2484-4707-8cf4-a777119dc5c4	a69889ee-9bb8-4d62-baf7-915349f7d666	\N	locked
87	811745c0-2484-4707-8cf4-a777119dc5c4	4d19daac-095d-4e2b-b014-37c5271091c3	\N	in_progress
88	811745c0-2484-4707-8cf4-a777119dc5c4	aaa16e5c-5b24-417b-9844-1fc7056986b5	\N	in_progress
89	9cfcc363-7d3c-4bca-b730-ab81d5dfa957	c9bacfef-0235-40aa-a14d-7d0d3379f17e	\N	in_progress
90	9cfcc363-7d3c-4bca-b730-ab81d5dfa957	53d92843-55fc-45e7-a5dd-cacbb19c570a	\N	in_progress
91	9cfcc363-7d3c-4bca-b730-ab81d5dfa957	56d9c466-a327-45b7-b46c-cdb815dbe5b5	\N	in_progress
92	9cfcc363-7d3c-4bca-b730-ab81d5dfa957	ef80a991-4ce5-43ca-bdf1-8db0419174e7	\N	in_progress
93	9cfcc363-7d3c-4bca-b730-ab81d5dfa957	50844501-d804-42ce-ab9a-60598f078c46	\N	in_progress
94	9cfcc363-7d3c-4bca-b730-ab81d5dfa957	a69889ee-9bb8-4d62-baf7-915349f7d666	\N	in_progress
95	9cfcc363-7d3c-4bca-b730-ab81d5dfa957	4d19daac-095d-4e2b-b014-37c5271091c3	\N	in_progress
96	9cfcc363-7d3c-4bca-b730-ab81d5dfa957	aaa16e5c-5b24-417b-9844-1fc7056986b5	\N	in_progress
97	92757bb5-e72f-43be-8953-9ac05ce12649	c9bacfef-0235-40aa-a14d-7d0d3379f17e	\N	locked
98	92757bb5-e72f-43be-8953-9ac05ce12649	53d92843-55fc-45e7-a5dd-cacbb19c570a	\N	in_progress
99	92757bb5-e72f-43be-8953-9ac05ce12649	56d9c466-a327-45b7-b46c-cdb815dbe5b5	\N	in_progress
100	92757bb5-e72f-43be-8953-9ac05ce12649	ef80a991-4ce5-43ca-bdf1-8db0419174e7	\N	locked
101	92757bb5-e72f-43be-8953-9ac05ce12649	50844501-d804-42ce-ab9a-60598f078c46	\N	locked
102	92757bb5-e72f-43be-8953-9ac05ce12649	a69889ee-9bb8-4d62-baf7-915349f7d666	\N	locked
103	92757bb5-e72f-43be-8953-9ac05ce12649	4d19daac-095d-4e2b-b014-37c5271091c3	\N	locked
104	92757bb5-e72f-43be-8953-9ac05ce12649	aaa16e5c-5b24-417b-9844-1fc7056986b5	\N	in_progress
105	70fecce7-8c1f-4046-a50f-4e36b5e174b2	c9bacfef-0235-40aa-a14d-7d0d3379f17e	\N	in_progress
106	70fecce7-8c1f-4046-a50f-4e36b5e174b2	53d92843-55fc-45e7-a5dd-cacbb19c570a	\N	in_progress
107	70fecce7-8c1f-4046-a50f-4e36b5e174b2	56d9c466-a327-45b7-b46c-cdb815dbe5b5	\N	in_progress
108	70fecce7-8c1f-4046-a50f-4e36b5e174b2	ef80a991-4ce5-43ca-bdf1-8db0419174e7	\N	in_progress
109	70fecce7-8c1f-4046-a50f-4e36b5e174b2	50844501-d804-42ce-ab9a-60598f078c46	\N	in_progress
110	70fecce7-8c1f-4046-a50f-4e36b5e174b2	a69889ee-9bb8-4d62-baf7-915349f7d666	\N	in_progress
111	70fecce7-8c1f-4046-a50f-4e36b5e174b2	4d19daac-095d-4e2b-b014-37c5271091c3	\N	locked
112	70fecce7-8c1f-4046-a50f-4e36b5e174b2	aaa16e5c-5b24-417b-9844-1fc7056986b5	\N	in_progress
113	6bfc3081-51b3-4891-8973-3970b4d7a522	c9bacfef-0235-40aa-a14d-7d0d3379f17e	\N	locked
114	6bfc3081-51b3-4891-8973-3970b4d7a522	53d92843-55fc-45e7-a5dd-cacbb19c570a	\N	locked
115	6bfc3081-51b3-4891-8973-3970b4d7a522	56d9c466-a327-45b7-b46c-cdb815dbe5b5	\N	locked
116	6bfc3081-51b3-4891-8973-3970b4d7a522	ef80a991-4ce5-43ca-bdf1-8db0419174e7	\N	locked
117	6bfc3081-51b3-4891-8973-3970b4d7a522	50844501-d804-42ce-ab9a-60598f078c46	\N	in_progress
118	6bfc3081-51b3-4891-8973-3970b4d7a522	a69889ee-9bb8-4d62-baf7-915349f7d666	\N	locked
119	6bfc3081-51b3-4891-8973-3970b4d7a522	4d19daac-095d-4e2b-b014-37c5271091c3	\N	in_progress
120	6bfc3081-51b3-4891-8973-3970b4d7a522	aaa16e5c-5b24-417b-9844-1fc7056986b5	\N	locked
121	19180031-0bd7-4203-ba3c-8d98a3226e32	c9bacfef-0235-40aa-a14d-7d0d3379f17e	\N	locked
122	19180031-0bd7-4203-ba3c-8d98a3226e32	53d92843-55fc-45e7-a5dd-cacbb19c570a	\N	in_progress
123	19180031-0bd7-4203-ba3c-8d98a3226e32	56d9c466-a327-45b7-b46c-cdb815dbe5b5	\N	in_progress
124	19180031-0bd7-4203-ba3c-8d98a3226e32	ef80a991-4ce5-43ca-bdf1-8db0419174e7	\N	in_progress
125	19180031-0bd7-4203-ba3c-8d98a3226e32	50844501-d804-42ce-ab9a-60598f078c46	\N	locked
126	19180031-0bd7-4203-ba3c-8d98a3226e32	a69889ee-9bb8-4d62-baf7-915349f7d666	\N	locked
127	19180031-0bd7-4203-ba3c-8d98a3226e32	4d19daac-095d-4e2b-b014-37c5271091c3	\N	in_progress
128	19180031-0bd7-4203-ba3c-8d98a3226e32	aaa16e5c-5b24-417b-9844-1fc7056986b5	\N	in_progress
129	77b74166-0c51-4878-9f39-7403a16164d4	c9bacfef-0235-40aa-a14d-7d0d3379f17e	\N	locked
130	77b74166-0c51-4878-9f39-7403a16164d4	53d92843-55fc-45e7-a5dd-cacbb19c570a	\N	locked
131	77b74166-0c51-4878-9f39-7403a16164d4	56d9c466-a327-45b7-b46c-cdb815dbe5b5	\N	in_progress
132	77b74166-0c51-4878-9f39-7403a16164d4	ef80a991-4ce5-43ca-bdf1-8db0419174e7	\N	in_progress
133	77b74166-0c51-4878-9f39-7403a16164d4	50844501-d804-42ce-ab9a-60598f078c46	\N	in_progress
134	77b74166-0c51-4878-9f39-7403a16164d4	a69889ee-9bb8-4d62-baf7-915349f7d666	\N	locked
135	77b74166-0c51-4878-9f39-7403a16164d4	4d19daac-095d-4e2b-b014-37c5271091c3	\N	locked
136	77b74166-0c51-4878-9f39-7403a16164d4	aaa16e5c-5b24-417b-9844-1fc7056986b5	\N	locked
137	f187292c-1eca-4ea3-bcac-56b7a9c0e77d	c9bacfef-0235-40aa-a14d-7d0d3379f17e	\N	locked
138	f187292c-1eca-4ea3-bcac-56b7a9c0e77d	53d92843-55fc-45e7-a5dd-cacbb19c570a	\N	locked
139	f187292c-1eca-4ea3-bcac-56b7a9c0e77d	56d9c466-a327-45b7-b46c-cdb815dbe5b5	\N	in_progress
140	f187292c-1eca-4ea3-bcac-56b7a9c0e77d	ef80a991-4ce5-43ca-bdf1-8db0419174e7	\N	locked
80	7f3562f4-bb3f-4ec7-89b9-da3b4b5ff250	aaa16e5c-5b24-417b-9844-1fc7056986b5	2025-11-09 01:14:23.173	collected
141	f187292c-1eca-4ea3-bcac-56b7a9c0e77d	50844501-d804-42ce-ab9a-60598f078c46	\N	locked
142	f187292c-1eca-4ea3-bcac-56b7a9c0e77d	a69889ee-9bb8-4d62-baf7-915349f7d666	\N	in_progress
143	f187292c-1eca-4ea3-bcac-56b7a9c0e77d	4d19daac-095d-4e2b-b014-37c5271091c3	\N	locked
144	f187292c-1eca-4ea3-bcac-56b7a9c0e77d	aaa16e5c-5b24-417b-9844-1fc7056986b5	\N	in_progress
\.


--
-- Data for Name: user_location_collections; Type: TABLE DATA; Schema: public; Owner: tung_user
--

COPY public.user_location_collections (id, user_id, location_id, collected_at) FROM stdin;
316	7f3562f4-bb3f-4ec7-89b9-da3b4b5ff250	c73d39f7-57ce-45c9-9994-ebf7a0ee1b22	2025-11-08 21:47:19.455
317	7f3562f4-bb3f-4ec7-89b9-da3b4b5ff250	92348fcf-4f12-498a-b3d7-979311030bcf	2025-11-08 21:47:11.999
318	7f3562f4-bb3f-4ec7-89b9-da3b4b5ff250	29ba4a96-9deb-4ea5-b14b-cd94363910b7	2025-11-08 22:32:52.185
319	7f3562f4-bb3f-4ec7-89b9-da3b4b5ff250	872002cb-9bc3-4d1d-ad02-19d935206349	2025-11-08 22:32:59.552
170	7f3562f4-bb3f-4ec7-89b9-da3b4b5ff250	4160efb8-dea6-4965-a3ee-f03765c7c3a6	2025-10-30 11:40:33.159
187	811745c0-2484-4707-8cf4-a777119dc5c4	9f035765-b211-47b4-bcc3-e1a4c75f3373	2025-10-23 18:11:35.246
210	9cfcc363-7d3c-4bca-b730-ab81d5dfa957	a22e3e67-9425-4ceb-a186-4db5fff20cb2	2025-10-18 14:34:50.845
249	70fecce7-8c1f-4046-a50f-4e36b5e174b2	62637afd-d1d1-43c0-86ef-cdaadc518b9b	2025-10-17 02:24:50.59
172	7f3562f4-bb3f-4ec7-89b9-da3b4b5ff250	0021b967-78d8-4507-b555-940d0ac37dc4	2025-10-18 00:07:58.914
194	811745c0-2484-4707-8cf4-a777119dc5c4	db96dcaa-d5ef-4e9c-8ad0-0c3c48d5c91a	2025-10-19 08:28:27.257
217	9cfcc363-7d3c-4bca-b730-ab81d5dfa957	c0155e75-6919-4201-beea-b5ec2573ddfe	2025-10-22 01:11:30.706
258	70fecce7-8c1f-4046-a50f-4e36b5e174b2	c6b10a1a-8075-4fca-888e-ed7ec1293f61	2025-11-03 02:05:40.421
274	6bfc3081-51b3-4891-8973-3970b4d7a522	8d59cf7d-f43a-4db1-b3aa-9100fc922339	2025-10-28 00:32:11.851
291	19180031-0bd7-4203-ba3c-8d98a3226e32	29ba4a96-9deb-4ea5-b14b-cd94363910b7	2025-10-14 08:53:58.04
294	77b74166-0c51-4878-9f39-7403a16164d4	1d5dd09b-b0be-4ec8-a2bc-22789efad827	2025-11-07 12:26:00.317
175	7f3562f4-bb3f-4ec7-89b9-da3b4b5ff250	a40acbbd-8cf0-4809-9808-be84121f77b4	2025-10-22 23:38:39.809
189	811745c0-2484-4707-8cf4-a777119dc5c4	1765325e-9897-424e-a19b-7445f57b2360	2025-10-30 20:42:59.796
211	9cfcc363-7d3c-4bca-b730-ab81d5dfa957	4d734bc2-720d-4383-869f-c549657b0975	2025-10-26 19:08:07.704
265	70fecce7-8c1f-4046-a50f-4e36b5e174b2	cd50de70-f312-416d-bee8-cc40fc5a6f64	2025-11-07 11:45:33.046
173	7f3562f4-bb3f-4ec7-89b9-da3b4b5ff250	f03afe88-a6d2-4680-83bf-a9708f8a0794	2025-11-03 08:45:39.506
197	811745c0-2484-4707-8cf4-a777119dc5c4	10ead807-ae85-4458-8588-58aaecfb95db	2025-11-04 23:55:34.07
205	9cfcc363-7d3c-4bca-b730-ab81d5dfa957	d41aef35-f2d5-4901-a4a9-4ffdf8611042	2025-10-26 04:27:07.915
253	70fecce7-8c1f-4046-a50f-4e36b5e174b2	364f3c9b-5fb0-48de-b400-b1619b5a0af0	2025-10-19 01:24:22.159
280	6bfc3081-51b3-4891-8973-3970b4d7a522	b7c4725b-51ad-4288-ae7e-49d692774e15	2025-11-04 20:10:01.549
287	19180031-0bd7-4203-ba3c-8d98a3226e32	4160efb8-dea6-4965-a3ee-f03765c7c3a6	2025-10-24 13:22:22.769
292	77b74166-0c51-4878-9f39-7403a16164d4	84934733-59f2-4ada-bf73-c33cef4a7c34	2025-11-04 05:46:01.335
311	f187292c-1eca-4ea3-bcac-56b7a9c0e77d	a40acbbd-8cf0-4809-9808-be84121f77b4	2025-11-02 22:51:43.01
174	7f3562f4-bb3f-4ec7-89b9-da3b4b5ff250	0faf50e7-0a0b-47df-89f8-69b7d128a729	2025-10-16 22:12:33.762
192	811745c0-2484-4707-8cf4-a777119dc5c4	cd50de70-f312-416d-bee8-cc40fc5a6f64	2025-10-20 15:03:28.388
209	9cfcc363-7d3c-4bca-b730-ab81d5dfa957	c6b10a1a-8075-4fca-888e-ed7ec1293f61	2025-10-19 12:33:47.2
257	70fecce7-8c1f-4046-a50f-4e36b5e174b2	c95367ae-249c-4e2c-8f12-5961142c8e96	2025-10-13 21:38:34.7
171	7f3562f4-bb3f-4ec7-89b9-da3b4b5ff250	2d54ec19-b03d-4033-961e-cee7b642aa89	2025-10-23 21:49:51.032
193	811745c0-2484-4707-8cf4-a777119dc5c4	ee95f07d-d8e5-43c8-b99f-83bb7d6a0b29	2025-10-15 02:37:15.923
204	9cfcc363-7d3c-4bca-b730-ab81d5dfa957	c95367ae-249c-4e2c-8f12-5961142c8e96	2025-10-25 16:40:30.354
229	9cfcc363-7d3c-4bca-b730-ab81d5dfa957	fe830a87-3d79-4ab1-86bf-396fa276bfa5	2025-10-14 14:12:20.982
241	92757bb5-e72f-43be-8953-9ac05ce12649	c5a5ca7f-baee-4928-bdaa-ec5462bc71a2	2025-10-30 09:50:26.15
245	70fecce7-8c1f-4046-a50f-4e36b5e174b2	fd0965a2-0281-4e55-973a-fd39818acee7	2025-10-13 08:35:50.063
271	6bfc3081-51b3-4891-8973-3970b4d7a522	b693cb35-61ca-4bb5-993e-4d1d4a0e9754	2025-10-10 23:00:29.61
290	19180031-0bd7-4203-ba3c-8d98a3226e32	f8d86c0b-bea8-4191-96ef-a6c410901017	2025-11-04 16:45:46.467
295	77b74166-0c51-4878-9f39-7403a16164d4	e68dbed9-496b-42a9-baf0-e8f1432bd871	2025-10-31 01:08:08.651
314	f187292c-1eca-4ea3-bcac-56b7a9c0e77d	364f3c9b-5fb0-48de-b400-b1619b5a0af0	2025-10-24 13:58:27.222
169	7f3562f4-bb3f-4ec7-89b9-da3b4b5ff250	29fbc146-b6bf-4f75-a90a-0b65ca2c2ea3	2025-10-18 02:28:48.233
186	811745c0-2484-4707-8cf4-a777119dc5c4	aca01acc-7409-42b8-af16-0825defe2ab7	2025-10-30 21:04:55.896
208	9cfcc363-7d3c-4bca-b730-ab81d5dfa957	29fbc146-b6bf-4f75-a90a-0b65ca2c2ea3	2025-10-13 02:16:19.346
259	70fecce7-8c1f-4046-a50f-4e36b5e174b2	0021b967-78d8-4507-b555-940d0ac37dc4	2025-11-05 19:56:47.235
276	6bfc3081-51b3-4891-8973-3970b4d7a522	4eeb16e1-04df-4063-b793-f122304855fe	2025-10-20 20:40:59.493
286	19180031-0bd7-4203-ba3c-8d98a3226e32	aeb863bf-bd8e-464c-881c-dad1a7113a89	2025-11-08 08:44:36.041
296	77b74166-0c51-4878-9f39-7403a16164d4	1765325e-9897-424e-a19b-7445f57b2360	2025-10-28 07:24:41.862
309	f187292c-1eca-4ea3-bcac-56b7a9c0e77d	1765325e-9897-424e-a19b-7445f57b2360	2025-10-11 01:13:20.59
176	7f3562f4-bb3f-4ec7-89b9-da3b4b5ff250	a40d5cc8-61ce-450c-9ef2-331bd0388a00	2025-10-13 20:51:46.155
190	811745c0-2484-4707-8cf4-a777119dc5c4	5d107b31-e99c-4b32-bb8e-8117acab074d	2025-10-10 06:37:32.591
216	9cfcc363-7d3c-4bca-b730-ab81d5dfa957	167cff32-9d89-4c1b-bc59-4fd1d1c601b2	2025-10-26 18:24:34.588
228	9cfcc363-7d3c-4bca-b730-ab81d5dfa957	b4696bdc-5820-4f4a-875a-ce5d0635afbc	2025-11-06 06:22:00.109
235	92757bb5-e72f-43be-8953-9ac05ce12649	20824e28-aa0a-4102-a07d-3c28e4619e22	2025-10-31 19:31:24.992
244	70fecce7-8c1f-4046-a50f-4e36b5e174b2	f8d86c0b-bea8-4191-96ef-a6c410901017	2025-10-15 22:34:58.898
177	7f3562f4-bb3f-4ec7-89b9-da3b4b5ff250	aeb863bf-bd8e-464c-881c-dad1a7113a89	2025-10-17 19:55:49.77
188	811745c0-2484-4707-8cf4-a777119dc5c4	23135ec7-10d2-4721-a3c3-1f99ee61db7c	2025-10-13 10:10:17.527
203	9cfcc363-7d3c-4bca-b730-ab81d5dfa957	c73d39f7-57ce-45c9-9994-ebf7a0ee1b22	2025-11-07 12:49:22.629
227	9cfcc363-7d3c-4bca-b730-ab81d5dfa957	4ab994e8-0fca-4a6b-b8f6-7dfe14c27e5a	2025-11-04 04:59:39.441
239	92757bb5-e72f-43be-8953-9ac05ce12649	c8c350ed-c727-481e-b9a7-abc36e68e477	2025-11-03 07:49:12.032
263	70fecce7-8c1f-4046-a50f-4e36b5e174b2	92348fcf-4f12-498a-b3d7-979311030bcf	2025-10-18 09:51:03.158
272	6bfc3081-51b3-4891-8973-3970b4d7a522	017c089c-912d-4fd6-97e5-25ad6cc27d9f	2025-10-27 16:07:34.25
284	19180031-0bd7-4203-ba3c-8d98a3226e32	d2b74766-4785-440c-9350-e75ebbe2db96	2025-10-17 07:03:08.374
303	77b74166-0c51-4878-9f39-7403a16164d4	7628b7c1-12a1-4493-a0fd-1368f12e7953	2025-10-28 16:01:32.432
179	7f3562f4-bb3f-4ec7-89b9-da3b4b5ff250	b49351d7-84c7-4706-a9d4-55d8275fc329	2025-10-27 20:09:31.326
184	811745c0-2484-4707-8cf4-a777119dc5c4	b693cb35-61ca-4bb5-993e-4d1d4a0e9754	2025-10-30 05:16:09.638
214	9cfcc363-7d3c-4bca-b730-ab81d5dfa957	7628b7c1-12a1-4493-a0fd-1368f12e7953	2025-10-31 05:00:05.111
262	70fecce7-8c1f-4046-a50f-4e36b5e174b2	fc15017f-eed2-489c-b6cf-d572c160ccb5	2025-11-03 19:41:43.564
178	7f3562f4-bb3f-4ec7-89b9-da3b4b5ff250	7e926601-1108-4ce3-94a2-eda5fb939cab	2025-10-24 08:52:38.524
196	811745c0-2484-4707-8cf4-a777119dc5c4	0021b967-78d8-4507-b555-940d0ac37dc4	2025-11-05 13:02:18.467
212	9cfcc363-7d3c-4bca-b730-ab81d5dfa957	669310be-7607-47ef-ae11-8b9c01168051	2025-10-31 08:51:49.4
264	70fecce7-8c1f-4046-a50f-4e36b5e174b2	0007bb82-58af-4f18-88f5-2b39d481441e	2025-10-10 02:25:30.013
268	70fecce7-8c1f-4046-a50f-4e36b5e174b2	f03afe88-a6d2-4680-83bf-a9708f8a0794	2025-11-04 15:32:52.465
269	6bfc3081-51b3-4891-8973-3970b4d7a522	669310be-7607-47ef-ae11-8b9c01168051	2025-10-21 07:52:55.465
301	77b74166-0c51-4878-9f39-7403a16164d4	4d734bc2-720d-4383-869f-c549657b0975	2025-10-27 10:21:27.617
308	f187292c-1eca-4ea3-bcac-56b7a9c0e77d	54851ec8-f4f3-4823-8f95-1c8aa2ba2807	2025-11-02 18:16:54.256
180	7f3562f4-bb3f-4ec7-89b9-da3b4b5ff250	c8c350ed-c727-481e-b9a7-abc36e68e477	2025-10-09 22:11:31.298
191	811745c0-2484-4707-8cf4-a777119dc5c4	76626ca5-c39c-4dd1-b61f-2bc01e7c4754	2025-11-03 10:38:41.303
207	9cfcc363-7d3c-4bca-b730-ab81d5dfa957	45f3ad98-cc30-40c8-9a5b-19d37502bc8b	2025-11-02 16:29:34.344
260	70fecce7-8c1f-4046-a50f-4e36b5e174b2	b49351d7-84c7-4706-a9d4-55d8275fc329	2025-10-30 17:27:53.092
275	6bfc3081-51b3-4891-8973-3970b4d7a522	4160efb8-dea6-4965-a3ee-f03765c7c3a6	2025-10-25 14:02:23.388
288	19180031-0bd7-4203-ba3c-8d98a3226e32	e68dbed9-496b-42a9-baf0-e8f1432bd871	2025-10-15 17:21:26.513
297	77b74166-0c51-4878-9f39-7403a16164d4	b4696bdc-5820-4f4a-875a-ce5d0635afbc	2025-10-19 16:08:17.15
181	7f3562f4-bb3f-4ec7-89b9-da3b4b5ff250	badc0171-7f68-4095-b751-7c6a16464aa1	2025-10-14 23:08:58.014
198	811745c0-2484-4707-8cf4-a777119dc5c4	4160efb8-dea6-4965-a3ee-f03765c7c3a6	2025-10-20 06:21:32.889
215	9cfcc363-7d3c-4bca-b730-ab81d5dfa957	d2b74766-4785-440c-9350-e75ebbe2db96	2025-10-21 15:20:26.346
230	9cfcc363-7d3c-4bca-b730-ab81d5dfa957	10ead807-ae85-4458-8588-58aaecfb95db	2025-10-26 12:56:00.522
236	92757bb5-e72f-43be-8953-9ac05ce12649	a40acbbd-8cf0-4809-9808-be84121f77b4	2025-10-27 04:23:40.764
251	70fecce7-8c1f-4046-a50f-4e36b5e174b2	29ba4a96-9deb-4ea5-b14b-cd94363910b7	2025-10-18 07:08:15.386
182	7f3562f4-bb3f-4ec7-89b9-da3b4b5ff250	31198abc-df61-4475-b613-a8769d8eb211	2025-10-14 13:30:35.034
185	811745c0-2484-4707-8cf4-a777119dc5c4	1d5dd09b-b0be-4ec8-a2bc-22789efad827	2025-10-10 01:12:06.985
213	9cfcc363-7d3c-4bca-b730-ab81d5dfa957	ea500f34-7326-4faf-93ed-e307593797bc	2025-11-05 01:00:34.546
266	70fecce7-8c1f-4046-a50f-4e36b5e174b2	6ec29f15-8ce6-4629-8fa1-1a95e6cfc3a7	2025-10-12 07:12:45.771
300	77b74166-0c51-4878-9f39-7403a16164d4	e21fe550-8eee-4c06-943b-c1be9c6d3877	2025-10-27 22:10:28.76
183	7f3562f4-bb3f-4ec7-89b9-da3b4b5ff250	471e3956-0427-4cfa-a1de-785dc13b324a	2025-10-30 22:48:06.201
195	811745c0-2484-4707-8cf4-a777119dc5c4	b4696bdc-5820-4f4a-875a-ce5d0635afbc	2025-10-20 20:25:28.323
202	9cfcc363-7d3c-4bca-b730-ab81d5dfa957	bfa2dcab-757b-4f2a-9f58-941c1bc4a468	2025-10-23 03:34:54.091
255	70fecce7-8c1f-4046-a50f-4e36b5e174b2	1765325e-9897-424e-a19b-7445f57b2360	2025-11-08 16:34:27.913
270	6bfc3081-51b3-4891-8973-3970b4d7a522	5d21b761-9df4-4af8-84a8-2082618900f2	2025-10-24 17:19:10.551
289	19180031-0bd7-4203-ba3c-8d98a3226e32	17104a58-467e-42c8-bbdc-0460f8d44efd	2025-11-01 00:30:52.678
305	77b74166-0c51-4878-9f39-7403a16164d4	badc0171-7f68-4095-b751-7c6a16464aa1	2025-11-04 12:06:46.266
306	f187292c-1eca-4ea3-bcac-56b7a9c0e77d	29fbc146-b6bf-4f75-a90a-0b65ca2c2ea3	2025-10-31 01:53:54.406
199	811745c0-2484-4707-8cf4-a777119dc5c4	48c01e08-ebae-4f95-b386-6f779444ed5e	2025-10-20 14:52:50.956
201	9cfcc363-7d3c-4bca-b730-ab81d5dfa957	364f3c9b-5fb0-48de-b400-b1619b5a0af0	2025-10-16 08:42:07.918
225	9cfcc363-7d3c-4bca-b730-ab81d5dfa957	f8d86c0b-bea8-4191-96ef-a6c410901017	2025-10-30 06:41:25.351
248	70fecce7-8c1f-4046-a50f-4e36b5e174b2	4ab994e8-0fca-4a6b-b8f6-7dfe14c27e5a	2025-10-23 11:16:19.293
200	811745c0-2484-4707-8cf4-a777119dc5c4	92348fcf-4f12-498a-b3d7-979311030bcf	2025-10-26 04:14:09.334
206	9cfcc363-7d3c-4bca-b730-ab81d5dfa957	61884947-04fa-4af4-a2be-f6b329756449	2025-10-15 16:36:38.509
254	70fecce7-8c1f-4046-a50f-4e36b5e174b2	017c089c-912d-4fd6-97e5-25ad6cc27d9f	2025-10-11 09:14:40.389
218	9cfcc363-7d3c-4bca-b730-ab81d5dfa957	6e3140c6-bf33-4cda-8446-ee0fc86c8d3c	2025-10-20 15:01:06.063
250	70fecce7-8c1f-4046-a50f-4e36b5e174b2	65ee34e6-75b6-4473-bb92-d1aaa594b782	2025-11-01 09:21:41.561
220	9cfcc363-7d3c-4bca-b730-ab81d5dfa957	84934733-59f2-4ada-bf73-c33cef4a7c34	2025-11-06 23:02:29.393
237	92757bb5-e72f-43be-8953-9ac05ce12649	fc15017f-eed2-489c-b6cf-d572c160ccb5	2025-11-06 00:26:14.587
261	70fecce7-8c1f-4046-a50f-4e36b5e174b2	48c01e08-ebae-4f95-b386-6f779444ed5e	2025-11-01 19:08:53.695
278	6bfc3081-51b3-4891-8973-3970b4d7a522	fd0965a2-0281-4e55-973a-fd39818acee7	2025-10-27 11:40:33.486
283	19180031-0bd7-4203-ba3c-8d98a3226e32	c6b10a1a-8075-4fca-888e-ed7ec1293f61	2025-10-14 14:49:00.046
293	77b74166-0c51-4878-9f39-7403a16164d4	fd0965a2-0281-4e55-973a-fd39818acee7	2025-10-29 05:30:01.05
315	f187292c-1eca-4ea3-bcac-56b7a9c0e77d	f8d86c0b-bea8-4191-96ef-a6c410901017	2025-11-07 13:25:42.676
219	9cfcc363-7d3c-4bca-b730-ab81d5dfa957	48c01e08-ebae-4f95-b386-6f779444ed5e	2025-10-30 14:56:07.219
233	92757bb5-e72f-43be-8953-9ac05ce12649	4d734bc2-720d-4383-869f-c549657b0975	2025-11-01 17:18:09.598
247	70fecce7-8c1f-4046-a50f-4e36b5e174b2	2d54ec19-b03d-4033-961e-cee7b642aa89	2025-10-20 09:00:28.23
221	9cfcc363-7d3c-4bca-b730-ab81d5dfa957	7e926601-1108-4ce3-94a2-eda5fb939cab	2025-11-04 05:35:11.696
231	92757bb5-e72f-43be-8953-9ac05ce12649	02ae5f1f-1fbb-4abb-b9b6-4abeed9eca31	2025-10-31 04:52:10.775
256	70fecce7-8c1f-4046-a50f-4e36b5e174b2	a3f0702d-7ed2-415f-ab80-7db2bfebb7ee	2025-11-06 08:50:40.57
222	9cfcc363-7d3c-4bca-b730-ab81d5dfa957	b693cb35-61ca-4bb5-993e-4d1d4a0e9754	2025-10-19 02:03:33.521
232	92757bb5-e72f-43be-8953-9ac05ce12649	ee95f07d-d8e5-43c8-b99f-83bb7d6a0b29	2025-10-15 23:29:55.583
246	70fecce7-8c1f-4046-a50f-4e36b5e174b2	6e3140c6-bf33-4cda-8446-ee0fc86c8d3c	2025-11-02 00:33:27.633
277	6bfc3081-51b3-4891-8973-3970b4d7a522	8782c010-fe61-43eb-88bf-cc2d82a47410	2025-10-17 04:57:48.367
282	19180031-0bd7-4203-ba3c-8d98a3226e32	1d5dd09b-b0be-4ec8-a2bc-22789efad827	2025-10-10 09:57:14.461
304	77b74166-0c51-4878-9f39-7403a16164d4	a40acbbd-8cf0-4809-9808-be84121f77b4	2025-10-12 04:12:55.365
312	f187292c-1eca-4ea3-bcac-56b7a9c0e77d	e113e2d8-0174-462e-95a6-7e14c8cb7965	2025-10-31 03:44:08.113
224	9cfcc363-7d3c-4bca-b730-ab81d5dfa957	ebcaba2e-7f90-4189-afd8-d69a9937d962	2025-10-30 14:58:35.609
234	92757bb5-e72f-43be-8953-9ac05ce12649	c48010c4-caa4-4d85-9e7a-8332871f514b	2025-11-01 17:29:07.718
252	70fecce7-8c1f-4046-a50f-4e36b5e174b2	669310be-7607-47ef-ae11-8b9c01168051	2025-11-08 16:45:16.022
273	6bfc3081-51b3-4891-8973-3970b4d7a522	c0155e75-6919-4201-beea-b5ec2573ddfe	2025-10-20 17:03:04.473
285	19180031-0bd7-4203-ba3c-8d98a3226e32	2a6b3890-5d33-424b-ac7b-99693e19ecf0	2025-11-01 03:10:57.763
298	77b74166-0c51-4878-9f39-7403a16164d4	c0155e75-6919-4201-beea-b5ec2573ddfe	2025-10-21 20:39:29.021
310	f187292c-1eca-4ea3-bcac-56b7a9c0e77d	02ae5f1f-1fbb-4abb-b9b6-4abeed9eca31	2025-10-28 01:11:56.91
226	9cfcc363-7d3c-4bca-b730-ab81d5dfa957	65ee34e6-75b6-4473-bb92-d1aaa594b782	2025-10-22 00:02:27.524
238	92757bb5-e72f-43be-8953-9ac05ce12649	872002cb-9bc3-4d1d-ad02-19d935206349	2025-11-03 06:26:29.382
243	70fecce7-8c1f-4046-a50f-4e36b5e174b2	5604757c-d35c-4232-a1df-e41628c96a25	2025-10-28 21:34:52.541
302	77b74166-0c51-4878-9f39-7403a16164d4	c2a03d3c-8d91-47be-9e37-d65a3eb93a75	2025-10-20 21:48:02.905
307	f187292c-1eca-4ea3-bcac-56b7a9c0e77d	471e3956-0427-4cfa-a1de-785dc13b324a	2025-10-15 17:13:59.066
223	9cfcc363-7d3c-4bca-b730-ab81d5dfa957	2d54ec19-b03d-4033-961e-cee7b642aa89	2025-10-12 00:50:14.618
240	92757bb5-e72f-43be-8953-9ac05ce12649	f8d86c0b-bea8-4191-96ef-a6c410901017	2025-10-10 16:37:07.242
242	70fecce7-8c1f-4046-a50f-4e36b5e174b2	b4696bdc-5820-4f4a-875a-ce5d0635afbc	2025-10-21 18:14:16.285
267	70fecce7-8c1f-4046-a50f-4e36b5e174b2	7f59e4f8-40b8-4887-94c5-fe6e83b2aa0a	2025-10-16 00:35:58.717
279	6bfc3081-51b3-4891-8973-3970b4d7a522	54851ec8-f4f3-4823-8f95-1c8aa2ba2807	2025-10-12 03:04:21.018
281	19180031-0bd7-4203-ba3c-8d98a3226e32	3c2ebc4b-2443-43d8-9912-d0f106320fa9	2025-10-30 13:19:52.109
299	77b74166-0c51-4878-9f39-7403a16164d4	9d76fd50-0d94-4b96-8eef-7929c552e4dc	2025-11-03 20:22:58.64
313	f187292c-1eca-4ea3-bcac-56b7a9c0e77d	b49351d7-84c7-4706-a9d4-55d8275fc329	2025-11-02 14:35:28.135
\.


--
-- Data for Name: users; Type: TABLE DATA; Schema: public; Owner: tung_user
--

COPY public.users (id, name, email, avatar_url, created_at, updated_at) FROM stdin;
7f3562f4-bb3f-4ec7-89b9-da3b4b5ff250		ist83903@bcaoo.com	https://api.dicebear.com/7.x/avataaars/svg?seed=Wesley	2025-11-08 20:39:25.605	2025-11-08 20:39:25.605
811745c0-2484-4707-8cf4-a777119dc5c4	Alice Chen	user1@example.com	https://api.dicebear.com/7.x/avataaars/svg?seed=Alice Chen	2025-11-08 20:39:25.608	2025-11-08 20:39:25.608
9cfcc363-7d3c-4bca-b730-ab81d5dfa957	Bob Wang	user2@example.com	https://api.dicebear.com/7.x/avataaars/svg?seed=Bob Wang	2025-11-08 20:39:25.608	2025-11-08 20:39:25.608
19180031-0bd7-4203-ba3c-8d98a3226e32	Frank Huang	user6@example.com	https://api.dicebear.com/7.x/avataaars/svg?seed=Frank Huang	2025-11-08 20:39:25.608	2025-11-08 20:39:25.608
77b74166-0c51-4878-9f39-7403a16164d4	Grace Wu	user7@example.com	https://api.dicebear.com/7.x/avataaars/svg?seed=Grace Wu	2025-11-08 20:39:25.608	2025-11-08 20:39:25.608
70fecce7-8c1f-4046-a50f-4e36b5e174b2	David Liu	user4@example.com	https://api.dicebear.com/7.x/avataaars/svg?seed=David Liu	2025-11-08 20:39:25.608	2025-11-08 20:39:25.608
6bfc3081-51b3-4891-8973-3970b4d7a522	Emma Zhang	user5@example.com	https://api.dicebear.com/7.x/avataaars/svg?seed=Emma Zhang	2025-11-08 20:39:25.608	2025-11-08 20:39:25.608
92757bb5-e72f-43be-8953-9ac05ce12649	Carol Lin	user3@example.com	https://api.dicebear.com/7.x/avataaars/svg?seed=Carol Lin	2025-11-08 20:39:25.608	2025-11-08 20:39:25.608
f187292c-1eca-4ea3-bcac-56b7a9c0e77d	Henry Chen	user8@example.com	https://api.dicebear.com/7.x/avataaars/svg?seed=Henry Chen	2025-11-08 20:39:25.608	2025-11-08 20:39:25.608
\.


--
-- Name: activity_collected_locations_id_seq; Type: SEQUENCE SET; Schema: public; Owner: tung_user
--

SELECT pg_catalog.setval('public.activity_collected_locations_id_seq', 312, true);


--
-- Name: activity_track_points_id_seq; Type: SEQUENCE SET; Schema: public; Owner: tung_user
--

SELECT pg_catalog.setval('public.activity_track_points_id_seq', 2649, true);


--
-- Name: badge_location_requirements_id_seq; Type: SEQUENCE SET; Schema: public; Owner: tung_user
--

SELECT pg_catalog.setval('public.badge_location_requirements_id_seq', 84, true);


--
-- Name: user_badges_id_seq; Type: SEQUENCE SET; Schema: public; Owner: tung_user
--

SELECT pg_catalog.setval('public.user_badges_id_seq', 144, true);


--
-- Name: user_location_collections_id_seq; Type: SEQUENCE SET; Schema: public; Owner: tung_user
--

SELECT pg_catalog.setval('public.user_location_collections_id_seq', 319, true);


--
-- Name: _prisma_migrations _prisma_migrations_pkey; Type: CONSTRAINT; Schema: public; Owner: tung_user
--

ALTER TABLE ONLY public._prisma_migrations
    ADD CONSTRAINT _prisma_migrations_pkey PRIMARY KEY (id);


--
-- Name: activities activities_pkey; Type: CONSTRAINT; Schema: public; Owner: tung_user
--

ALTER TABLE ONLY public.activities
    ADD CONSTRAINT activities_pkey PRIMARY KEY (id);


--
-- Name: activity_collected_locations activity_collected_locations_pkey; Type: CONSTRAINT; Schema: public; Owner: tung_user
--

ALTER TABLE ONLY public.activity_collected_locations
    ADD CONSTRAINT activity_collected_locations_pkey PRIMARY KEY (id);


--
-- Name: activity_track_points activity_track_points_pkey; Type: CONSTRAINT; Schema: public; Owner: tung_user
--

ALTER TABLE ONLY public.activity_track_points
    ADD CONSTRAINT activity_track_points_pkey PRIMARY KEY (id);


--
-- Name: badge_location_requirements badge_location_requirements_pkey; Type: CONSTRAINT; Schema: public; Owner: tung_user
--

ALTER TABLE ONLY public.badge_location_requirements
    ADD CONSTRAINT badge_location_requirements_pkey PRIMARY KEY (id);


--
-- Name: badges badges_pkey; Type: CONSTRAINT; Schema: public; Owner: tung_user
--

ALTER TABLE ONLY public.badges
    ADD CONSTRAINT badges_pkey PRIMARY KEY (id);


--
-- Name: locations locations_pkey; Type: CONSTRAINT; Schema: public; Owner: tung_user
--

ALTER TABLE ONLY public.locations
    ADD CONSTRAINT locations_pkey PRIMARY KEY (id);


--
-- Name: user_badges user_badges_pkey; Type: CONSTRAINT; Schema: public; Owner: tung_user
--

ALTER TABLE ONLY public.user_badges
    ADD CONSTRAINT user_badges_pkey PRIMARY KEY (id);


--
-- Name: user_location_collections user_location_collections_pkey; Type: CONSTRAINT; Schema: public; Owner: tung_user
--

ALTER TABLE ONLY public.user_location_collections
    ADD CONSTRAINT user_location_collections_pkey PRIMARY KEY (id);


--
-- Name: users users_pkey; Type: CONSTRAINT; Schema: public; Owner: tung_user
--

ALTER TABLE ONLY public.users
    ADD CONSTRAINT users_pkey PRIMARY KEY (id);


--
-- Name: badge_location_requirements_badge_id_location_id_key; Type: INDEX; Schema: public; Owner: tung_user
--

CREATE UNIQUE INDEX badge_location_requirements_badge_id_location_id_key ON public.badge_location_requirements USING btree (badge_id, location_id);


--
-- Name: locations_nfc_id_key; Type: INDEX; Schema: public; Owner: tung_user
--

CREATE UNIQUE INDEX locations_nfc_id_key ON public.locations USING btree (nfc_id);


--
-- Name: user_badges_user_id_badge_id_key; Type: INDEX; Schema: public; Owner: tung_user
--

CREATE UNIQUE INDEX user_badges_user_id_badge_id_key ON public.user_badges USING btree (user_id, badge_id);


--
-- Name: user_location_collections_user_id_location_id_key; Type: INDEX; Schema: public; Owner: tung_user
--

CREATE UNIQUE INDEX user_location_collections_user_id_location_id_key ON public.user_location_collections USING btree (user_id, location_id);


--
-- Name: users_email_key; Type: INDEX; Schema: public; Owner: tung_user
--

CREATE UNIQUE INDEX users_email_key ON public.users USING btree (email);


--
-- Name: activities activities_user_id_fkey; Type: FK CONSTRAINT; Schema: public; Owner: tung_user
--

ALTER TABLE ONLY public.activities
    ADD CONSTRAINT activities_user_id_fkey FOREIGN KEY (user_id) REFERENCES public.users(id) ON UPDATE CASCADE ON DELETE CASCADE;


--
-- Name: activity_collected_locations activity_collected_locations_activity_id_fkey; Type: FK CONSTRAINT; Schema: public; Owner: tung_user
--

ALTER TABLE ONLY public.activity_collected_locations
    ADD CONSTRAINT activity_collected_locations_activity_id_fkey FOREIGN KEY (activity_id) REFERENCES public.activities(id) ON UPDATE CASCADE ON DELETE CASCADE;


--
-- Name: activity_collected_locations activity_collected_locations_location_id_fkey; Type: FK CONSTRAINT; Schema: public; Owner: tung_user
--

ALTER TABLE ONLY public.activity_collected_locations
    ADD CONSTRAINT activity_collected_locations_location_id_fkey FOREIGN KEY (location_id) REFERENCES public.locations(id) ON UPDATE CASCADE ON DELETE RESTRICT;


--
-- Name: activity_track_points activity_track_points_activity_id_fkey; Type: FK CONSTRAINT; Schema: public; Owner: tung_user
--

ALTER TABLE ONLY public.activity_track_points
    ADD CONSTRAINT activity_track_points_activity_id_fkey FOREIGN KEY (activity_id) REFERENCES public.activities(id) ON UPDATE CASCADE ON DELETE CASCADE;


--
-- Name: badge_location_requirements badge_location_requirements_badge_id_fkey; Type: FK CONSTRAINT; Schema: public; Owner: tung_user
--

ALTER TABLE ONLY public.badge_location_requirements
    ADD CONSTRAINT badge_location_requirements_badge_id_fkey FOREIGN KEY (badge_id) REFERENCES public.badges(id) ON UPDATE CASCADE ON DELETE CASCADE;


--
-- Name: badge_location_requirements badge_location_requirements_location_id_fkey; Type: FK CONSTRAINT; Schema: public; Owner: tung_user
--

ALTER TABLE ONLY public.badge_location_requirements
    ADD CONSTRAINT badge_location_requirements_location_id_fkey FOREIGN KEY (location_id) REFERENCES public.locations(id) ON UPDATE CASCADE ON DELETE CASCADE;


--
-- Name: user_badges user_badges_badge_id_fkey; Type: FK CONSTRAINT; Schema: public; Owner: tung_user
--

ALTER TABLE ONLY public.user_badges
    ADD CONSTRAINT user_badges_badge_id_fkey FOREIGN KEY (badge_id) REFERENCES public.badges(id) ON UPDATE CASCADE ON DELETE CASCADE;


--
-- Name: user_badges user_badges_user_id_fkey; Type: FK CONSTRAINT; Schema: public; Owner: tung_user
--

ALTER TABLE ONLY public.user_badges
    ADD CONSTRAINT user_badges_user_id_fkey FOREIGN KEY (user_id) REFERENCES public.users(id) ON UPDATE CASCADE ON DELETE CASCADE;


--
-- Name: user_location_collections user_location_collections_location_id_fkey; Type: FK CONSTRAINT; Schema: public; Owner: tung_user
--

ALTER TABLE ONLY public.user_location_collections
    ADD CONSTRAINT user_location_collections_location_id_fkey FOREIGN KEY (location_id) REFERENCES public.locations(id) ON UPDATE CASCADE ON DELETE CASCADE;


--
-- Name: user_location_collections user_location_collections_user_id_fkey; Type: FK CONSTRAINT; Schema: public; Owner: tung_user
--

ALTER TABLE ONLY public.user_location_collections
    ADD CONSTRAINT user_location_collections_user_id_fkey FOREIGN KEY (user_id) REFERENCES public.users(id) ON UPDATE CASCADE ON DELETE CASCADE;


--
-- Name: SCHEMA public; Type: ACL; Schema: -; Owner: pg_database_owner
--

GRANT ALL ON SCHEMA public TO tung_user;


--
-- Name: DEFAULT PRIVILEGES FOR TABLES; Type: DEFAULT ACL; Schema: public; Owner: tung_user
--

ALTER DEFAULT PRIVILEGES FOR ROLE tung_user IN SCHEMA public GRANT ALL ON TABLES TO tung_user;


--
-- PostgreSQL database dump complete
--

\unrestrict UiEJ1LJq9QeadSqpM9FYRQx6rslfthhQAzMCqu7FswYcaZfXd7o9YB0vNK9vAG0

